countrycode,country,year,polity5,democracy,gdppc,enrol_gross,primcomp,primcom_male,primcom_fem,enrol_net,agri,slums,telephone,internet,tax,pop,pop_fem,electricity,service,oil,natural,literacy,lit_male,lit_fem,infant,health_ex,hospital,tuberculosis,life,life_male,life_female,unemploy,urban,attend,prenatal,military,un_continent_name,un_region_name
BLR,BELARUS,1991,6,1,1805.455925,92.67829132,NA,NA,NA,NA,22.22222222,NA,NA,NA,NA,10194050,53.0750531,100,22.22222222,0.683545757,0.699615528,NA,NA,NA,NA,NA,13.20470047,NA,70.37804878,65.5,75.5,NA,NA,NA,NA,NA,Europe,Eastern Europe
BLR,BELARUS,1992,6,1,1658.086413,92.3167572,NA,NA,NA,NA,22.82608696,NA,NA,NA,20.54347826,10216470,53.02634357,100,27.17391304,0.67821248,2.264168517,NA,NA,NA,NA,NA,12.69069958,NA,70.02195122,64.9,75.4,NA,NA,NA,NA,1.622498648,Europe,Eastern Europe
BLR,BELARUS,1993,6,1,1589.510113,93.18109894,NA,92.38819122,90.1547699,NA,17.15736041,NA,NA,NA,26.63959391,10239050,52.97845854,100,40.60913706,0.683699222,2.212482022,NA,NA,NA,NA,NA,12.4762001,NA,68.97073171,63.8,74.4,NA,NA,NA,NA,2.790971461,Europe,Eastern Europe
BLR,BELARUS,1994,8,0,1460.007914,93.63583374,NA,96.0619278,91.55766296,NA,13.58961389,NA,NA,0.000486,24.75018266,10226955,53.09175678,100,44.41072332,0.662921666,1.922932672,NA,NA,NA,NA,NA,12.46389961,NA,68.76829268,63.5,74.3,NA,NA,NA,NA,3.621608255,Europe,Eastern Europe
BLR,BELARUS,1995,0,0,1370.699914,94.70004272,NA,95.88767242,90.19206238,88.16409,15.76649671,NA,NA,0.00292,19.88764693,10193831,53.20384558,100,41.15054817,0.764551766,2.295403927,NA,NA,NA,NA,NA,12.38000011,NA,68.46097561,62.9,74.3,NA,NA,NA,NA,1.699463769,Europe,Eastern Europe
BLR,BELARUS,1996,-7,0,1452.507105,96.01786041,NA,90.88957977,86.73802948,NA,15.0985983,NA,NA,0.0293,18.79977481,10159569,53.17444029,100,39.36425857,0.962363803,3.371197224,NA,NA,NA,NA,NA,12.27000046,NA,68.51219512,63,74.3,NA,NA,NA,NA,1.26069256,Europe,Eastern Europe
BLR,BELARUS,1997,-7,0,1396.657187,99.77076721,NA,96.26483154,90.2350235,NA,13.41793201,NA,NA,0.049,20.73459095,10117433,53.14043704,100,37.91047624,0.782137211,3.188023051,NA,NA,NA,NA,NA,12.35999966,NA,68.46097561,62.9,74.3,NA,NA,NA,NA,1.768966551,Europe,Eastern Europe
BLR,BELARUS,1998,-7,0,1511.259791,103.7126999,NA,NA,NA,NA,12.06176361,NA,NA,0.0739,17.11232894,10071963,53.11590733,100,39.5825174,0.225994396,0.797134865,NA,NA,NA,NA,NA,12.42000008,NA,68.40731707,62.7,74.4,NA,0.679016471,NA,NA,1.495098702,Europe,Eastern Europe
BLR,BELARUS,1999,-7,0,1210.587439,113.7607193,NA,100.6845474,96.59622955,NA,12.70055756,NA,NA,0.495,16.67247619,10026738,53.13024723,100,40.03573619,0.852060708,1.720730294,100,100,99,NA,NA,12.64000034,NA,67.90731707,62.2,73.9,NA,0.681540191,NA,NA,1.366760738,Europe,Eastern Europe
BLR,BELARUS,2000,-7,0,1276.280381,115.920929,NA,105.4575272,101.8705597,NA,12.09682717,NA,NA,1.86,16.6247345,9979610,53.16664587,100,39.89467691,1.788444876,2.545576715,NA,NA,NA,NA,5.28088045,11.7,86,68.91219512,63.4,74.7,NA,0.697750926,NA,NA,1.346984151,Europe,Eastern Europe
BLR,BELARUS,2001,-7,0,1244.373185,116.3045425,NA,110.9366379,106.2275696,95.5913,10.35042974,NA,NA,4.3,15.75466424,9928549,53.19545606,100,44.3475881,1.348652499,2.145280942,NA,NA,NA,NA,5.7064805,11.68,70,68.50731707,62.8,74.5,NA,0.692712843,NA,NA,1.438290747,Europe,Eastern Europe
BLR,BELARUS,2002,-7,0,1479.380663,114.076889,NA,134.9786072,128.9508972,92.53704,10.12843222,NA,NA,8.95,14.20103832,9865548,53.23335341,100,44.07057842,1.17776447,1.811256532,NA,NA,NA,NA,5.62404203,11.11,66,68.05609756,62.3,74.1,NA,0.693484604,NA,NA,1.400245801,Europe,Eastern Europe
BLR,BELARUS,2003,-7,0,1819.526531,104.923172,NA,106.3513336,102.7117615,93.07121,8.635627708,NA,NA,NA,17.68812191,9796749,53.28139031,100,43.25280051,1.131716333,1.765396196,NA,NA,NA,NA,5.77103186,10.55,77,68.55365854,62.7,74.7,NA,0.689112544,NA,NA,1.2990639,Europe,Eastern Europe
BLR,BELARUS,2004,-7,0,2378.337005,103.449501,NA,107.8466873,101.2712021,91.53975,8.850251441,NA,NA,NA,18.3713469,9730146,53.3271235,100,41.8164579,1.174679878,1.791530557,NA,NA,NA,NA,5.73650646,9.98,71,68.95609756,63.2,75,NA,0.689079523,NA,NA,1.358222314,Europe,Eastern Europe
BLR,BELARUS,2005,-7,0,3126.071767,101.1081009,NA,107.8274689,99.75019073,89.60983,8.518590809,NA,NA,NA,20.14965628,9663915,53.37792172,100,39.62832215,1.282972708,1.769998576,NA,NA,NA,NA,6.07036304,10.4,69,68.85121951,62.9,75.1,NA,0.689370632,100,NA,1.498453135,Europe,Eastern Europe
BLR,BELARUS,2006,-7,0,3848.223503,99.3765564,NA,105.3867798,98.7065506,89.71155,8.578727592,NA,NA,16.2,22.22309662,9604924,53.42784935,100,40.83288127,1.210651947,1.677895076,NA,NA,NA,NA,5.57366323,10.47,68,69.40487805,63.6,75.5,NA,0.690776706,NA,NA,1.709412492,Europe,Eastern Europe
BLR,BELARUS,2007,-7,0,4735.481076,97.7906723,NA,101.6329498,97.52049255,89.59185,8.303169959,NA,NA,19.7,23.72669873,9560953,53.46273512,100,40.47154694,1.092953403,1.555101605,NA,NA,NA,NA,5.6917243,10.53,71,70.20731707,64.5,76.2,NA,0.695734501,NA,NA,1.649765914,Europe,Eastern Europe
BLR,BELARUS,2008,-7,0,6376.175692,97.49130249,NA,95.40843201,93.10449219,NA,8.666253694,NA,NA,23,25.35338921,9527985,53.48549189,100,37.99144469,1.199824586,1.6038513,NA,NA,NA,NA,5.29448891,10.44,68,70.45609756,64.7,76.5,NA,0.690605104,NA,NA,1.453492852,Europe,Eastern Europe
BLR,BELARUS,2009,-7,0,5352.488092,98.1668396,NA,NA,NA,NA,8.130898936,0.004,NA,27.4,18.62947063,9504583,53.49672011,100,42.16908424,0.73028672,1.141105787,100,100,99,NA,5.3906498,10.4,70,70.40731707,64.7,76.4,NA,0.743663669,NA,NA,1.372576981,Europe,Eastern Europe
BLR,BELARUS,2010,-7,0,6034.678852,97.606987,NA,NA,NA,91.05012,8.891930229,NA,NA,31.8,16.32143837,9483836,53.50623428,100,43.47399889,0.772806204,1.213578839,NA,NA,NA,NA,5.65694332,10.61,68,70.40487805,64.6,76.5,NA,0.738933086,NA,NA,1.341383433,Europe,Eastern Europe
BLR,BELARUS,2011,-7,0,6527.659343,96.93097687,NA,100.3568802,97.50743103,90.70014,8.001887744,NA,NA,39.6,14.50907256,9461643,53.52409837,100,44.13800062,1.170845541,1.654101784,NA,NA,NA,NA,4.87452745,10.42,62,70.55365854,64.7,76.7,NA,0.739237249,NA,NA,1.22449511,Europe,Eastern Europe
BLR,BELARUS,2012,-7,0,6953.215917,95.83457947,NA,98.78742218,96.38391113,93.98101,8.130942683,NA,NA,46.9,14.66297503,9446836,53.53359166,100,43.29272646,1.044646501,1.727820267,NA,NA,NA,NA,5.24538946,10.45,63,71.96585366,66.6,77.6,NA,0.741121173,99.95611906,99.74583387,1.229218722,Europe,Eastern Europe
BLR,BELARUS,2013,-7,0,7998.080205,94.93016052,NA,96.01673889,93.74417877,93.23412,6.809092448,NA,NA,54.2,13.35496285,9443211,53.52443015,100,45.42178672,0.832270804,1.435801056,NA,NA,NA,NA,5.69563103,10.24,59,72.47073171,67.3,77.9,NA,0.742062449,NA,NA,1.270796652,Europe,Eastern Europe
BLR,BELARUS,2014,-7,0,8341.318093,95.13053131,NA,95.27364349,93.21077728,93.11386,7.303056977,NA,NA,59,12.69772453,9448515,53.50343323,100,45.65221303,0.734771849,1.324615641,NA,NA,NA,NA,5.38792181,10.08,51,72.97073171,67.8,78.4,NA,0.744201183,NA,NA,1.042327636,Europe,Eastern Europe
BLR,BELARUS,2015,-7,0,5967.055951,96.05220032,NA,95.25003052,92.90505219,93.96598,6.283207583,NA,NA,62.2,14.17309447,9461076,53.47280268,100,47.74169804,0.439126031,1.168670461,NA,NA,NA,NA,6.06528044,10.02,50,73.62439024,68.6,78.9,NA,0.743006527,NA,NA,1.138066024,Europe,Eastern Europe
BLR,BELARUS,2016,-7,0,5039.775609,97.34745789,NA,94.54389954,94.20340729,96.08237,6.895280624,NA,NA,71.1,13.78823561,9469379,53.4395024,100,48.52299656,0.386692378,1.242769571,NA,NA,NA,NA,5.91054153,9.84,42,73.82682927,68.9,79,NA,0.742480636,NA,NA,1.523280919,Europe,Eastern Europe
BLR,BELARUS,2017,-7,0,5785.544919,97.40283203,NA,96.7517395,94.43546295,95.61727,7.565802538,NA,NA,74.4,13.01900561,9458989,53.41859428,NA,47.63371859,0.509192772,1.564175833,NA,NA,NA,NA,5.75974846,9.78,37,74.12926829,69.3,79.2,NA,0.739627779,NA,NA,1.372004441,Europe,Eastern Europe
BLR,BELARUS,2018,-7,0,6360.037502,96.70580292,NA,97.3004837,96.18945313,94.92861,6.590107726,NA,NA,79.1,14.67256897,9438785,53.39869669,NA,47.81045081,0.814823811,1.981284062,NA,NA,NA,NA,5.52699471,9.71,31,74.17560976,69.2,79.4,NA,0.739043176,NA,NA,1.537994289,Europe,Eastern Europe
BLR,BELARUS,2019,NA,0,6837.773396,95.65020752,NA,100.1963577,97.98148346,NA,6.794668828,0.004,NA,82.8,13.30150614,9419758,53.38083519,NA,48.42669267,0.652174604,1.669605347,100,100,100,NA,5.86133814,9.69,29,74.22682927,69.3,79.4,NA,0.741377592,NA,NA,1.396422976,Europe,Eastern Europe
BLR,BELARUS,2020,NA,0,6542.8558,94.41906738,NA,96.63493347,94.54467773,NA,7.077239769,NA,NA,85.1,12.02292326,9379952,53.38654579,NA,49.01189414,0.365084913,1.520638317,NA,NA,NA,NA,6.40607214,NA,28,72.13856098,67.101,77.428,NA,0.740960598,NA,NA,1.403258599,Europe,Eastern Europe
BGR,BULGARIA,1960,-7,0,NA,NA,NA,NA,NA,NA,NA,NA,NA,NA,NA,7867374,50.06771016,NA,NA,NA,NA,NA,NA,NA,NA,NA,6.213677406,NA,69.24756098,67.55,71.03,NA,NA,NA,NA,NA,Europe,Eastern Europe
BGR,BULGARIA,1961,-7,0,NA,NA,NA,NA,NA,NA,NA,NA,NA,NA,NA,7943118,50.05848859,NA,NA,NA,NA,NA,NA,NA,NA,NA,NA,NA,70.19560976,68.42,72.06,NA,NA,NA,NA,NA,Europe,Eastern Europe
BGR,BULGARIA,1962,-7,0,NA,NA,NA,NA,NA,NA,NA,NA,NA,NA,NA,8012946,50.0513653,NA,NA,NA,NA,NA,NA,NA,NA,NA,NA,NA,69.49195122,67.77,71.3,NA,NA,NA,NA,NA,Europe,Eastern Europe
BGR,BULGARIA,1963,-7,0,NA,NA,NA,NA,NA,NA,NA,NA,NA,NA,NA,8078145,50.04430417,NA,NA,NA,NA,NA,NA,NA,NA,NA,NA,NA,70.30926829,68.68,72.02,NA,NA,NA,NA,NA,Europe,Eastern Europe
BGR,BULGARIA,1964,-7,0,NA,NA,NA,NA,NA,NA,NA,NA,NA,NA,NA,8144340,50.03678095,NA,NA,NA,NA,NA,NA,NA,NA,NA,NA,NA,71.12121951,69.37,72.96,NA,NA,NA,NA,NA,Europe,Eastern Europe
BGR,BULGARIA,1965,-7,0,NA,NA,NA,NA,NA,NA,NA,NA,NA,NA,NA,8204168,50.01097847,NA,NA,NA,NA,NA,NA,NA,NA,NA,NA,NA,71.29390244,69.45,73.23,NA,NA,NA,NA,NA,Europe,Eastern Europe
BGR,BULGARIA,1966,-7,0,NA,NA,NA,NA,NA,NA,NA,NA,NA,NA,NA,8258057,49.98718334,NA,NA,NA,NA,NA,NA,NA,NA,NA,NA,NA,71.22341463,69.36,73.18,NA,NA,NA,NA,NA,Europe,Eastern Europe
BGR,BULGARIA,1967,-7,0,NA,NA,NA,NA,NA,NA,NA,NA,NA,NA,NA,8310226,49.98868986,NA,NA,NA,NA,NA,NA,NA,NA,NA,NA,NA,70.41390244,68.37,72.56,NA,NA,NA,NA,NA,Europe,Eastern Europe
BGR,BULGARIA,1968,-7,0,NA,NA,NA,NA,NA,NA,NA,NA,NA,NA,NA,8369603,49.9926051,NA,NA,NA,NA,NA,NA,NA,NA,NA,NA,NA,71.22512195,69.23,73.32,NA,NA,NA,NA,NA,Europe,Eastern Europe
BGR,BULGARIA,1969,-7,0,NA,NA,NA,NA,NA,NA,NA,NA,NA,NA,NA,8434172,49.99913459,NA,NA,NA,NA,NA,NA,NA,NA,NA,NA,NA,70.43,68.23,72.74,NA,NA,NA,NA,NA,Europe,Eastern Europe
BGR,BULGARIA,1970,-7,0,NA,NA,NA,NA,NA,NA,NA,NA,NA,NA,NA,8489574,50.00513496,NA,NA,NA,NA,NA,NA,NA,NA,NA,NA,NA,71.25634146,69.11,73.51,NA,NA,NA,NA,NA,Europe,Eastern Europe
BGR,BULGARIA,1971,-7,0,NA,101.8155975,NA,NA,NA,NA,NA,NA,NA,NA,NA,8536395,50.01365516,NA,NA,NA,NA,NA,NA,NA,NA,NA,NA,NA,70.87365854,68.62,73.24,NA,NA,NA,NA,NA,Europe,Eastern Europe
BGR,BULGARIA,1972,-7,0,NA,99.32292938,NA,NA,NA,NA,NA,NA,NA,NA,NA,8576200,50.02611332,NA,NA,NA,NA,NA,NA,NA,NA,NA,NA,NA,70.8995122,68.68,73.23,NA,NA,NA,NA,NA,Europe,Eastern Europe
BGR,BULGARIA,1973,-7,0,NA,97.12866974,NA,NA,NA,NA,NA,NA,NA,NA,NA,8620967,50.03887626,NA,NA,NA,NA,NA,NA,NA,NA,NA,NA,NA,71.34219512,69.03,73.77,NA,NA,NA,NA,NA,Europe,Eastern Europe
BGR,BULGARIA,1974,-7,0,NA,94.83342743,NA,NA,NA,NA,NA,NA,NA,NA,NA,8678745,50.05197083,NA,NA,NA,NA,NA,NA,NA,NA,NA,NA,NA,71.20804878,68.93,73.6,NA,NA,NA,NA,NA,Europe,Eastern Europe
BGR,BULGARIA,1975,-7,0,NA,91.87114716,NA,NA,NA,NA,NA,NA,NA,NA,NA,8720742,50.06419127,NA,NA,NA,NA,NA,NA,NA,NA,NA,NA,NA,71.0497561,68.64,73.58,NA,NA,NA,NA,NA,Europe,Eastern Europe
BGR,BULGARIA,1976,-7,0,NA,92.13159943,NA,NA,NA,NA,NA,NA,NA,NA,NA,8758599,50.07902905,NA,NA,NA,NA,NA,NA,NA,NA,NA,NA,NA,71.39487805,68.99,73.92,NA,NA,NA,NA,NA,Europe,Eastern Europe
BGR,BULGARIA,1977,-7,0,NA,92.0663681,NA,NA,NA,NA,NA,NA,NA,NA,NA,8804183,50.0988735,NA,NA,NA,NA,NA,NA,NA,NA,NA,NA,NA,70.81609756,68.26,73.5,NA,NA,NA,NA,NA,Europe,Eastern Europe
BGR,BULGARIA,1978,-7,0,NA,93.31439972,NA,NA,NA,NA,NA,NA,NA,NA,NA,8814032,50.12500928,NA,NA,NA,NA,NA,NA,NA,NA,NA,NA,NA,71.18463415,68.77,73.72,NA,NA,NA,NA,NA,Europe,Eastern Europe
BGR,BULGARIA,1979,-7,0,NA,93.64749908,NA,NA,NA,NA,NA,NA,NA,NA,NA,8825940,50.15080465,NA,NA,NA,NA,NA,NA,NA,NA,NA,NA,NA,71.30829268,68.64,74.11,NA,NA,NA,NA,NA,Europe,Eastern Europe
BGR,BULGARIA,1980,-7,0,2238.802958,94.88150787,NA,NA,NA,NA,14.41859563,NA,NA,NA,NA,8861535,50.17649342,NA,30.49241984,0.099595431,1.845656459,NA,NA,NA,NA,NA,8.850600243,NA,71.15756098,68.46,73.99,NA,NA,NA,NA,NA,Europe,Eastern Europe
BGR,BULGARIA,1981,-7,0,2234.814816,96.70417023,NA,NA,NA,NA,16.62556618,NA,NA,NA,NA,8891117,50.20415061,NA,29.0035229,0.0770048,1.965614355,NA,NA,NA,NA,NA,8.859000206,NA,71.57195122,68.85,74.43,NA,NA,NA,NA,NA,Europe,Eastern Europe
BGR,BULGARIA,1982,-7,0,2169.004011,99.79788971,NA,NA,NA,NA,17.17781684,NA,NA,NA,NA,8917457,50.23262228,NA,24.98604074,0.053632667,2.05125743,NA,NA,NA,NA,NA,8.886699677,NA,71.18609756,68.43,74.08,NA,NA,NA,NA,NA,Europe,Eastern Europe
BGR,BULGARIA,1983,-7,0,1852.813434,101.4127502,NA,NA,NA,NA,14.47948321,NA,NA,NA,NA,8939738,50.26879127,NA,25.09575845,0.074329729,1.492830271,NA,NA,NA,NA,NA,8.876799583,NA,71.38634146,68.44,74.48,NA,NA,NA,NA,NA,Europe,Eastern Europe
BGR,BULGARIA,1984,-7,0,1963.572676,102.7561722,NA,NA,NA,NA,15.81262294,NA,NA,NA,NA,8960679,50.309921,NA,24.07415009,0.101803893,1.292231556,NA,NA,NA,NA,NA,8.963000298,NA,71.4997561,68.49,74.66,NA,NA,NA,NA,NA,Europe,Eastern Europe
BGR,BULGARIA,1985,-7,0,1914.550647,104.5434875,NA,NA,NA,NA,11.86858228,NA,NA,NA,NA,8960547,50.39827639,NA,25.13736643,0.156159135,1.659535207,NA,NA,NA,NA,NA,9.11400032,NA,71.22804878,68.15,74.46,NA,NA,NA,NA,NA,Europe,Eastern Europe
BGR,BULGARIA,1986,-7,0,2260.427281,105.0121765,NA,97.68084717,98.389328,NA,12.91954985,NA,NA,NA,NA,8958171,50.49096505,NA,21.37009859,0.048995763,0.807505168,NA,NA,NA,NA,NA,9.4520998,NA,71.73073171,68.56,75.06,NA,NA,NA,NA,NA,Europe,Eastern Europe
BGR,BULGARIA,1987,-7,0,3132.30136,107.789093,NA,103.3003998,100.7602463,NA,11.79618574,NA,NA,NA,NA,8971359,50.53945403,NA,30.05723859,0.057964376,0.552177362,NA,NA,NA,NA,NA,9.564200401,NA,71.52682927,68.4,74.81,NA,NA,NA,NA,NA,Europe,Eastern Europe
BGR,BULGARIA,1988,-7,0,2511.393063,107.7192383,NA,105.1302185,103.8477478,NA,11.45935204,NA,NA,NA,NA,8981446,50.58482832,NA,32.47716136,0.048697216,2.976023547,NA,NA,NA,NA,NA,9.560199738,NA,71.60439024,68.38,74.99,NA,NA,NA,NA,NA,Europe,Eastern Europe
BGR,BULGARIA,1989,1,0,2477.020818,106.7602081,NA,106.4050293,105.421051,NA,10.94185835,NA,NA,NA,NA,8876972,50.63794288,NA,32.74169261,0.090587461,2.737137104,NA,NA,NA,NA,NA,9.7020998,NA,71.72243902,68.42,75.19,NA,NA,NA,NA,4.39627075,Europe,Eastern Europe
BGR,BULGARIA,1990,7,1,2366.529821,99.47798157,NA,103.8199615,101.6746979,NA,17.74596502,NA,NA,0,23.83312845,8718289,50.7034905,100,35.20332404,0.105709692,1.114381923,NA,NA,NA,NA,NA,9.790800095,NA,71.64146341,68.3,75.15,NA,NA,NA,NA,3.83344349,Europe,Eastern Europe
BGR,BULGARIA,1991,7,1,883.7365783,97.53408813,NA,93.16983032,95.0087204,NA,15.39056743,NA,NA,NA,22.33382461,8632367,50.76727297,100,35.69859985,0.029203362,1.389223506,NA,NA,NA,NA,NA,9.768199921,NA,71.56097561,68.4,74.88,NA,NA,NA,NA,3.043231573,Europe,Eastern Europe
BGR,BULGARIA,1992,8,1,1007.344545,95.88593292,NA,93.59867859,90.78166199,NA,11.61802789,NA,NA,NA,16.90338645,8540164,50.83683438,100,39.11952191,0.029445833,1.388707887,NA,NA,NA,NA,NA,10.20639992,NA,71.49439024,68.07,75.09,NA,NA,NA,NA,2.972633843,Europe,Eastern Europe
BGR,BULGARIA,1993,8,1,1278.525114,95.25112152,NA,89.52018738,86.90132904,NA,9.93442623,NA,NA,0.00234,15.21378387,8472313,50.90321494,100,45.28738709,0.018779565,0.977500985,NA,NA,NA,NA,NA,10.49419975,NA,71.34682927,67.62,75.26,NA,NA,NA,NA,2.609271612,Europe,Eastern Europe
BGR,BULGARIA,1994,8,1,1149.89464,95.05885315,NA,89.82215118,87.14154816,NA,11.49162861,NA,NA,0.0195,21.23896499,8443591,50.96056538,100,44.68474125,0.027166804,1.094989854,NA,NA,NA,NA,NA,10.19610024,NA,71.20878049,67.36,75.25,NA,NA,NA,NA,2.492617286,Europe,Eastern Europe
BGR,BULGARIA,1995,8,1,2259.259226,96.91713715,NA,88.508461,85.68118286,NA,9.218320939,NA,NA,0.12,11.15666427,8406067,51.02115758,100,65.27827969,0.014559559,0.853350672,NA,NA,NA,NA,NA,10.36999989,NA,71.05341463,67.39,74.9,NA,NA,NA,NA,2.374131284,Europe,Eastern Europe
BGR,BULGARIA,1996,8,1,1470.192593,100.2724533,NA,92.377388,89.48734283,93.93516,9.592577335,NA,NA,0.725,12.06859738,8362826,51.07562078,100,65.93147486,0.021771523,1.001624722,NA,NA,NA,NA,NA,10.47000027,NA,70.89731707,67.39,74.58,NA,NA,NA,NA,2.402934109,Europe,Eastern Europe
BGR,BULGARIA,1997,8,1,1361.409384,101.544838,NA,95.04312134,91.57620239,95.0039,20.47684372,NA,NA,1.22,18.5226349,8312068,51.12270725,100,49.09088244,0.016131319,0.969971854,NA,NA,NA,NA,NA,10.27999973,NA,70.35121951,67,73.87,NA,NA,NA,NA,2.430701355,Europe,Eastern Europe
BGR,BULGARIA,1998,8,1,1820.448664,103.4433212,NA,96.84152985,92.98828888,95.1383,13.41156426,NA,NA,1.84,19.37550127,8256786,51.1738108,100,54.43540935,0.005027672,0.537067261,NA,NA,NA,NA,NA,8.409999847,NA,71.06097561,67.5,74.8,NA,NA,NA,NA,2.453059147,Europe,Eastern Europe
BGR,BULGARIA,1999,8,1,1660.908913,105.1370087,NA,98.32118225,93.84390259,95.59626,12.95862434,NA,NA,2.91,20.03229573,8210624,51.22159222,100,53.40346276,0.016364593,0.617206953,NA,NA,NA,NA,NA,7.489999771,NA,71.41219512,67.9,75.1,NA,NA,NA,NA,2.645171956,Europe,Eastern Europe
BGR,BULGARIA,2000,8,1,1621.262107,104.7046738,NA,96.10526276,95.5269928,95.27463,10.97048236,0.05,NA,5.37,20.45799307,8170172,51.26034948,100,54.01625891,0.074139153,0.682250474,NA,NA,NA,NA,5.82970953,7.48,52,71.66341463,68.2,75.3,NA,NA,NA,NA,2.652455762,Europe,Eastern Europe
BGR,BULGARIA,2001,9,1,1770.907049,105.3392563,NA,102.2331009,100.3040466,95.54443,10.60325324,NA,NA,7.61,19.78049413,8009142,51.29947183,100,53.49107333,0.019228425,0.71433521,98,99,98,NA,6.85958815,7.09,61,71.76829268,68.5,75.2,NA,0.674884617,NA,NA,2.862519544,Europe,Eastern Europe
BGR,BULGARIA,2002,9,1,2092.982886,109.6469879,NA,102.4407806,101.5277023,93.96941,9.710569628,0.1,NA,9.08,18.14766581,7837161,51.32122572,100,55.26064208,0.021052623,0.459805802,NA,NA,NA,NA,7.0809865,6.4,53,71.86585366,68.5,75.4,NA,NA,NA,NA,2.779676555,Europe,Eastern Europe
BGR,BULGARIA,2003,9,1,2719.494369,111.6944885,NA,103.4744873,101.9439621,94.307,9.09562775,NA,NA,12,20.11518615,7775327,51.32938317,100,53.85262004,0.016183035,0.430571953,NA,NA,NA,NA,7.19987392,6.21,52,72.06585366,68.7,75.6,NA,0.683831513,NA,NA,2.691201472,Europe,Eastern Europe
BGR,BULGARIA,2004,9,1,3389.687434,111.7512283,NA,104.6511612,102.7944336,95.46767,8.452185377,0.1,NA,18.1,21.02957099,7716860,51.34187934,100,54.05453377,0.028655076,1.137211743,NA,NA,NA,NA,6.89090872,6.07,49,72.56341463,69.1,76.2,NA,NA,NA,NA,2.373711682,Europe,Eastern Europe
BGR,BULGARIA,2005,9,1,3899.825963,110.920433,NA,105.1355209,104.7441635,94.18482,7.283685729,NA,NA,20,20.88552199,7658972,51.3547607,100,53.52907146,0.037174268,0.98190151,NA,NA,NA,NA,6.89011478,6.35,52,72.56097561,69,76.3,NA,NA,NA,NA,2.235350267,Europe,Eastern Europe
BGR,BULGARIA,2006,9,1,4523.146558,108.8231888,NA,108.3830414,107.5432968,95.18675,6.096284921,0.1,NA,27.1,21.81202041,7601022,51.36523542,100,52.94011189,0.037211467,1.831438115,NA,NA,NA,NA,6.52544546,6.14,51,72.61219512,69.1,76.3,NA,0.497196794,NA,NA,2.081761908,Europe,Eastern Europe
BGR,BULGARIA,2007,9,1,5888.570814,106.1049728,NA,104.1372833,103.9915466,97.78147,4.651784892,NA,NA,33.6,21.7606133,7545338,51.36953386,100,53.92317204,0.03206793,1.686472368,NA,NA,NA,NA,6.15651751,6.32,47,72.66341463,69.2,76.3,NA,0.485573262,NA,NA,2.228539901,Europe,Eastern Europe
BGR,BULGARIA,2008,9,1,7271.303389,104.1575623,NA,103.8853378,103.244133,98.04598,5.869626922,0.15,NA,39.7,21.97387982,7492561,51.36821367,100,53.21625177,0.038592844,1.974702766,NA,NA,NA,NA,6.28281593,6.45,49,72.96341463,69.5,76.6,NA,0.459243745,NA,NA,2.131863983,Europe,Eastern Europe
BGR,BULGARIA,2009,9,1,6988.273163,102.0619125,NA,100.3236923,100.9161911,97.74258,4.23578566,NA,NA,45,18.58649864,7444443,51.36431405,100,56.09344935,0.021653353,0.704216079,NA,NA,NA,NA,6.59577608,6.55,44,73.41219512,69.9,77.1,NA,0.493794233,NA,NA,1.739511501,Europe,Eastern Europe
BGR,BULGARIA,2010,9,1,6853.948055,101.4006195,NA,100.0409927,99.53479767,97.95684,4.032500762,0.15,NA,46.2,17.87143156,7395599,51.35828108,100,59.50056965,0.02532916,1.679754037,NA,NA,NA,NA,7.09477949,6.45,41,73.51219512,70,77.2,NA,0.50402236,NA,NA,1.642461524,Europe,Eastern Europe
BGR,BULGARIA,2011,9,1,7849.580613,101.1202698,NA,100.6138077,99.28729248,97.97584,4.661369068,NA,NA,48,17.88271515,7348328,51.3501377,100,57.59050614,0.036727852,2.142670048,98,99,98,NA,7.10250568,6.28,37,74.16341463,70.7,77.8,NA,0.500686169,NA,NA,1.314000256,Europe,Eastern Europe
BGR,BULGARIA,2012,9,1,7431.957895,100.3630829,NA,99.99060059,99.03523254,95.726,4.430140024,0.15,NA,51.9,18.38533526,7305888,51.33938516,100,57.18187185,0.037776158,1.604648805,NA,NA,NA,NA,7.53903675,6.45,36,74.31463415,70.9,77.9,NA,0.655578911,NA,NA,1.329818965,Europe,Eastern Europe
BGR,BULGARIA,2013,9,1,7795.980921,98.79118347,NA,101.6906662,99.85723877,93.90701,4.515416945,NA,NA,53.1,19.68628224,7160005,51.3413748,100,58.19023118,0.034005616,1.107632317,NA,NA,NA,NA,7.14167452,6.66,33,74.86097561,71.3,78.6,NA,0.655569196,NA,NA,1.454042831,Europe,Eastern Europe
BGR,BULGARIA,2014,9,1,8069.600057,99.2496109,NA,99.09274292,98.85475159,92.61403,4.55871705,0.2,NA,55.5,19.56662077,7073572,51.3625001,100,58.72807224,0.030965508,0.784766836,NA,NA,NA,NA,7.68306208,6.99,32,74.46585366,71.1,78,NA,0.658492386,NA,NA,1.309602232,Europe,Eastern Europe
BGR,BULGARIA,2015,9,1,7268.654455,99.12722015,NA,99.86823273,99.26647949,90.40649,4.061975774,NA,NA,56.7,20.07780364,6984225,51.38430184,100,58.27517172,0.014848489,0.658724232,NA,NA,NA,NA,7.39363575,7.11,28,74.61463415,71.2,78.2,NA,0.672776818,NA,NA,1.245933607,Europe,Eastern Europe
BGR,BULGARIA,2016,9,1,7822.499233,98.0771637,NA,97.78942108,98.5221405,87.58166,4.05489853,0.2,NA,59.8,20.33302996,6894139,51.4073929,100,57.5930646,0.010736779,0.526340831,NA,NA,NA,NA,7.45975018,7.15,27,74.81219512,71.3,78.5,NA,0.669695377,NA,NA,1.243845808,Europe,Eastern Europe
BGR,BULGARIA,2017,9,1,8696.689304,97.59429932,NA,99.17246246,98.70162964,86.4454,4.043176898,NA,NA,63.4,20.52322466,6803468,51.43831593,NA,57.95866611,0.015053995,0.749247066,NA,NA,NA,NA,7.49624491,7.34,25,74.81463415,71.4,78.4,NA,NA,NA,NA,1.222208548,Europe,Eastern Europe
BGR,BULGARIA,2018,9,1,9872.385078,96.79232025,NA,96.70336151,97.39785004,NA,3.396683202,0.2,NA,64.8,19.93698055,6710798,51.47276499,NA,61.03853928,0.021568305,0.678372707,NA,NA,NA,NA,7.33192015,7.47,23,74.96341463,71.5,78.6,NA,NA,NA,NA,1.449294138,Europe,Eastern Europe
BGR,BULGARIA,2019,NA,1,10372.80443,96.43988037,NA,97.45626068,96.7766037,NA,3.196164805,NA,NA,67.9,20.55721271,6616726,51.50807781,NA,61.56749448,0.018498341,0.580269555,NA,NA,NA,NA,7.09237671,7.66,23,75.11219512,71.6,78.8,NA,NA,NA,NA,3.133568989,Europe,Eastern Europe
BGR,BULGARIA,2020,NA,1,10769.94757,96.54376221,NA,97.4961319,97.91490936,NA,3.43289246,0.25,NA,70.2,20.17840551,6550696,51.54807308,NA,61.55116014,0.009673336,0.618935968,NA,NA,NA,NA,8.48235893,7.77,16,73.35609756,69.6,77.3,NA,NA,NA,NA,1.593461166,Europe,Eastern Europe
CZE,CZECH REPUBLIC,1993,10,1,3984.146344,99.23577118,NA,95.28582001,97.40213776,NA,4.223501469,NA,NA,0.581,18.61660216,10329855,51.43111258,NA,50.90838165,0.014300943,0.977474119,NA,NA,NA,NA,NA,10.39999962,NA,72.76780488,69.28,76.43,NA,NA,NA,NA,2.330404066,Europe,Eastern Europe
CZE,CZECH REPUBLIC,1994,10,1,4663.286653,102.2313538,NA,100.3895798,100.8830032,NA,4.240741631,NA,NA,1.26,16.53522569,10333587,51.40911984,NA,51.22757882,0.012533599,0.728570452,NA,NA,NA,NA,NA,10.19999981,NA,72.97268293,69.48,76.64,NA,NA,NA,NA,2.283400858,Europe,Eastern Europe
CZE,CZECH REPUBLIC,1995,10,1,5865.294606,103.0806885,NA,NA,NA,NA,4.005247603,NA,NA,1.45,16.1241883,10327253,51.38966158,NA,51.81473397,0.01372494,0.746615356,NA,NA,NA,NA,NA,NA,NA,73.07487805,69.67,76.65,NA,NA,NA,NA,1.843622773,Europe,Eastern Europe
CZE,CZECH REPUBLIC,1996,10,1,6573.196431,104.8307571,NA,109.4556808,107.2741776,NA,3.869048266,NA,NA,1.94,15.20214544,10315241,51.37399224,NA,51.05321435,0.023939802,0.701959149,NA,NA,NA,NA,NA,NA,NA,73.71463415,70.3,77.3,NA,NA,NA,NA,1.731904688,Europe,Eastern Europe
CZE,CZECH REPUBLIC,1997,10,1,6069.387624,102.0396729,NA,NA,NA,NA,3.466666801,NA,NA,2.92,14.99790912,10304131,51.36037749,NA,52.2399609,0.01589318,0.661458599,NA,NA,NA,NA,NA,NA,NA,73.82487805,70.42,77.4,NA,NA,NA,NA,1.662045791,Europe,Eastern Europe
CZE,CZECH REPUBLIC,1998,10,1,6526.596358,103.1808472,NA,NA,NA,NA,3.485479168,NA,NA,3.9,14.28605679,10294373,51.34669995,NA,53.22806568,0.005077026,0.515210661,NA,NA,NA,NA,NA,NA,NA,74.51463415,71.1,78.1,NA,NA,NA,NA,1.82593182,Europe,Eastern Europe
CZE,CZECH REPUBLIC,1999,10,1,6377.621108,103.235817,NA,99.95925903,99.42823792,89.06554,3.196612674,NA,NA,6.83,14.77632841,10283860,51.33216237,NA,54.11637318,0.015952698,0.436825556,NA,NA,NA,NA,NA,NA,NA,74.66829268,71.4,78.1,NA,NA,NA,NA,1.859069923,Europe,Eastern Europe
CZE,CZECH REPUBLIC,2000,10,1,6062.921528,103.407547,NA,101.5402985,101.9009094,NA,3.230237113,0.05,NA,9.78,14.39409093,10255063,51.31613343,NA,54.60936784,0.035074255,0.557045438,NA,NA,NA,NA,5.70103025,7.82,16,74.96829268,71.7,78.4,NA,NA,NA,NA,1.877356956,Europe,Eastern Europe
CZE,CZECH REPUBLIC,2001,10,1,6669.074948,104.4696274,NA,97.86077881,97.82536316,NA,3.187715265,NA,NA,14.7,14.67065961,10216605,51.289057,NA,54.37826587,0.024458129,0.778678694,NA,NA,NA,NA,5.86295414,7.76,15,75.17317073,72.1,78.4,NA,NA,NA,NA,1.751249558,Europe,Eastern Europe
CZE,CZECH REPUBLIC,2002,10,1,8101.260186,106.0050583,NA,101.19841,102.5325775,NA,2.646252532,0.05,NA,23.9,14.49221399,10196916,51.25084624,NA,55.77792437,0.03046194,0.470038679,NA,NA,NA,NA,6.17736149,7.73,13,75.22195122,72.1,78.5,NA,0.716081679,NA,NA,1.824406968,Europe,Eastern Europe
CZE,CZECH REPUBLIC,2003,10,1,9852.456779,106.4099808,NA,101.8304596,100.5804672,NA,2.431034623,NA,NA,34.3,14.93425978,10193998,51.21247992,NA,56.8065334,0.035170936,0.416967464,NA,NA,NA,NA,6.52412462,7.69,13,75.17073171,72,78.5,NA,0.716013014,NA,NA,1.892764044,Europe,Eastern Europe
CZE,CZECH REPUBLIC,2004,10,1,11782.55467,106.5291138,NA,99.97891235,100.1448364,NA,2.408043068,0.05,NA,35.5,15.36370664,10197101,51.17491193,NA,54.70673562,0.038329847,0.888200042,NA,NA,NA,NA,6.35071039,7.6,12,75.72195122,72.6,79,NA,0.716305315,NA,NA,1.713703173,Europe,Eastern Europe
CZE,CZECH REPUBLIC,2005,10,1,13442.49163,106.7377777,NA,107.3971024,106.7384491,NA,2.281257707,NA,NA,35.3,14.47194809,10211216,51.13562999,NA,54.63709365,0.050808845,0.767854032,NA,NA,NA,NA,6.34086704,7.52,11,75.92439024,72.9,79.1,NA,0.586565912,NA,NA,1.7788222,Europe,Eastern Europe
CZE,CZECH REPUBLIC,2006,9,1,15259.07882,104.3727798,NA,105.7272568,104.3170624,NA,2.162933411,0.05,NA,47.9,14.22476356,10238905,51.09421163,NA,54.44829434,0.043607563,0.764905942,NA,NA,NA,NA,6.16380167,7.4,11,76.52439024,73.5,79.7,NA,0.576769054,NA,NA,1.567835336,Europe,Eastern Europe
CZE,CZECH REPUBLIC,2007,9,1,18452.65328,103.3821106,NA,106.4505005,105.084053,89.22317,2.0887153,NA,NA,51.9,14.62269251,10298828,51.05481061,NA,54.32010702,0.036747355,0.695946016,NA,NA,NA,NA,5.98578405,7.3,8.8,76.72439024,73.7,79.9,NA,0.585944772,NA,NA,1.423716289,Europe,Eastern Europe
CZE,CZECH REPUBLIC,2008,9,1,22774.70451,102.2147675,NA,101.68293,101.0491104,88.6485,1.920365844,0.05,NA,63,13.69102756,10384603,51.01641002,NA,55.17282203,0.042970422,1.533732458,NA,NA,NA,NA,6.33024931,7.22,8.9,76.97560976,74,80.1,NA,0.595134676,NA,NA,1.232471567,Europe,Eastern Europe
CZE,CZECH REPUBLIC,2009,9,1,19817.42158,101.4789276,NA,100.2292862,100.7894669,88.92463,1.7588623,NA,NA,64.4,13.60054036,10443936,50.9774029,NA,55.7128175,0.024405519,0.701083426,NA,NA,NA,NA,7.24880648,7.16,7,77.07804878,74.2,80.1,NA,0.590716362,NA,NA,1.310564143,Europe,Eastern Europe
CZE,CZECH REPUBLIC,2010,9,1,20160.43551,101.0364075,NA,102.3264008,101.8599396,88.90289,1.52258197,0.05,NA,68.8,13.51508771,10474410,50.93882045,NA,56.28881772,0.021771995,0.965734444,NA,NA,NA,NA,7.55343866,7.3,6.8,77.42439024,74.4,80.6,NA,0.600964189,NA,NA,1.194772181,Europe,Eastern Europe
CZE,CZECH REPUBLIC,2011,9,1,22049.10808,100.0810013,NA,100.2981033,100.8088531,88.00827,1.963932309,NA,NA,70.5,14.40314698,10496088,50.91097033,NA,55.1142697,0.030616847,1.07008711,NA,NA,NA,NA,7.5335784,7.06,6.2,77.87317073,74.8,81.1,NA,0.597836554,NA,NA,1.077836499,Europe,Eastern Europe
CZE,CZECH REPUBLIC,2012,9,1,20014.0354,99.35858154,NA,99.90222931,98.97106171,88.24667,2.231626662,0.05,NA,73.4,14.82192296,10510785,50.88978318,NA,55.16714558,0.030535276,0.640579925,NA,NA,NA,NA,7.59409809,6.93,6.2,78.07560976,75.1,81.2,NA,0.612092555,NA,NA,1.063216817,Europe,Eastern Europe
CZE,CZECH REPUBLIC,2013,9,1,20260.4955,98.78047943,NA,98.21507263,99.25843048,87.95611,2.347583156,NA,NA,74.1,14.98638406,10514272,50.86457131,NA,54.96804878,0.027497008,0.382852117,NA,NA,NA,NA,7.49541759,6.7,5.2,78.17560976,75.2,81.3,NA,0.62676543,NA,NA,1.01508372,Europe,Eastern Europe
CZE,CZECH REPUBLIC,2014,9,1,20038.41632,97.68215942,NA,99.08200073,99.55545807,88.11683,2.392695645,0.05,NA,74.2,14.32344196,10525347,50.84003139,NA,54.59812503,0.025268189,0.345428962,NA,NA,NA,NA,7.59510136,6.68,5.2,78.82439024,75.8,82,NA,0.62695682,NA,NA,0.966227818,Europe,Eastern Europe
CZE,CZECH REPUBLIC,2015,9,1,17931.59877,96.96154785,NA,96.6455307,97.42697144,88.69066,2.258925713,NA,NA,75.7,14.68562902,10546059,50.81402609,NA,54.33300952,0.010291481,0.314061907,NA,NA,NA,NA,7.3351512,6.68,5.6,78.57804878,75.7,81.6,NA,0.630495906,NA,NA,0.946582096,Europe,Eastern Europe
CZE,CZECH REPUBLIC,2016,9,1,18753.96867,96.90975952,NA,97.39644623,97.97286987,88.79724,2.148097369,0.05,NA,76.5,14.77064978,10566332,50.78823025,NA,54.8701536,0.006924913,0.310276297,NA,NA,NA,NA,7.3930459,6.69,5.6,79.02682927,76.1,82.1,NA,0.589075625,NA,NA,0.996128103,Europe,Eastern Europe
CZE,CZECH REPUBLIC,2017,9,1,20913.19763,97.23249054,NA,97.17414856,97.31559753,89.3503,2.105459688,NA,NA,78.7,14.80677862,10594438,50.7640014,NA,55.65639201,0.008816223,0.372292875,NA,NA,NA,NA,7.33911419,6.67,5.4,78.97804878,76.1,82,NA,NA,NA,NA,0.956655422,Europe,Eastern Europe
CZE,CZECH REPUBLIC,2018,9,1,23705.93298,98.27275848,NA,93.98993683,93.38730621,NA,1.968562247,0.05,NA,80.7,14.65729131,10629928,50.74075236,NA,57.02265233,0.012558405,0.389418621,NA,NA,NA,NA,7.46030998,6.68,4.7,79.02926829,76.2,82,NA,NA,NA,NA,1.088449481,Europe,Eastern Europe
CZE,CZECH REPUBLIC,2019,NA,1,24062.719,99.28330231,NA,95.18489838,96.51489258,NA,1.891517709,NA,NA,80.9,14.5245717,10671870,50.71988062,NA,57.80534429,0.008322047,0.399790319,NA,NA,NA,NA,7.61342955,6.66,5,79.22926829,76.4,82.2,NA,NA,NA,NA,1.15229255,Europe,Eastern Europe
CZE,CZECH REPUBLIC,2020,NA,1,23472.89155,99.78453064,NA,96.79750061,96.58863068,NA,1.943991388,0.05,NA,81.3,14.07311681,10697858,50.70548426,NA,59.58212987,0.005072079,0.416571327,NA,NA,NA,NA,9.15721989,6.6,3.9,78.22682927,75.3,81.3,NA,NA,NA,NA,1.322449949,Europe,Eastern Europe
HUN,HUNGARY,1960,-7,0,NA,NA,NA,NA,NA,NA,NA,NA,NA,NA,NA,9983512,51.76026662,NA,NA,NA,NA,NA,NA,NA,NA,NA,NA,NA,68.00317073,65.93,70.18,NA,NA,NA,NA,NA,Europe,Eastern Europe
HUN,HUNGARY,1961,-7,0,NA,NA,NA,NA,NA,NA,NA,NA,NA,NA,NA,10027958,51.72815315,NA,NA,NA,NA,NA,NA,NA,NA,NA,NA,NA,68.93609756,66.78,71.2,NA,NA,NA,NA,NA,Europe,Eastern Europe
HUN,HUNGARY,1962,-7,0,NA,NA,NA,NA,NA,NA,NA,NA,NA,NA,NA,10060825,51.70122169,NA,NA,NA,NA,NA,NA,NA,NA,NA,NA,NA,67.86585366,65.7,70.14,NA,NA,NA,NA,NA,Europe,Eastern Europe
HUN,HUNGARY,1963,-7,0,NA,NA,NA,NA,NA,NA,NA,NA,NA,NA,NA,10087947,51.67830906,NA,NA,NA,NA,NA,NA,NA,NA,NA,NA,NA,68.87414634,66.64,71.22,NA,NA,NA,NA,NA,Europe,Eastern Europe
HUN,HUNGARY,1964,-7,0,NA,NA,NA,NA,NA,NA,NA,NA,NA,NA,NA,10119835,51.65574804,NA,NA,NA,NA,NA,NA,NA,NA,NA,NA,NA,69.38097561,67.02,71.86,NA,NA,NA,NA,NA,Europe,Eastern Europe
HUN,HUNGARY,1965,-7,0,NA,NA,NA,NA,NA,NA,NA,NA,NA,NA,NA,10147935,51.63408973,NA,NA,NA,NA,NA,NA,NA,NA,NA,NA,NA,69.07121951,66.72,71.54,NA,NA,NA,NA,NA,Europe,Eastern Europe
HUN,HUNGARY,1966,-7,0,NA,NA,NA,NA,NA,NA,NA,NA,NA,NA,NA,10178653,51.61020628,NA,NA,NA,NA,NA,NA,NA,NA,NA,NA,NA,69.82243902,67.52,72.24,NA,NA,NA,NA,NA,Europe,Eastern Europe
HUN,HUNGARY,1967,-7,0,NA,NA,NA,NA,NA,NA,NA,NA,NA,NA,NA,10216604,51.58474082,NA,NA,NA,NA,NA,NA,NA,NA,NA,NA,NA,69.40707317,66.89,72.05,NA,NA,NA,NA,NA,Europe,Eastern Europe
HUN,HUNGARY,1968,-7,0,476.4343501,NA,NA,NA,NA,NA,NA,NA,NA,NA,NA,10255815,51.56278781,NA,NA,NA,NA,NA,NA,NA,NA,NA,NA,NA,69.2302439,66.64,71.95,NA,NA,NA,NA,NA,Europe,Eastern Europe
HUN,HUNGARY,1969,-7,0,527.2316176,NA,NA,NA,NA,NA,NA,NA,NA,NA,NA,10298723,51.54187743,NA,NA,NA,NA,NA,NA,NA,NA,NA,NA,NA,69.31463415,66.7,72.06,NA,NA,NA,NA,NA,Europe,Eastern Europe
HUN,HUNGARY,1970,-7,0,559.1970913,NA,NA,NA,NA,NA,NA,NA,NA,NA,NA,10337910,51.53222791,NA,NA,NA,NA,NA,NA,NA,NA,NA,NA,NA,69.16463415,66.35,72.12,NA,NA,NA,NA,4.030075188,Europe,Eastern Europe
HUN,HUNGARY,1971,-7,0,606.8527386,101.0886993,NA,NA,NA,NA,NA,NA,NA,NA,NA,10367537,51.53752878,NA,NA,NA,NA,NA,NA,NA,NA,NA,NA,NA,69.05243902,66.15,72.1,NA,NA,NA,NA,3.741685144,Europe,Eastern Europe
HUN,HUNGARY,1972,-7,0,709.6525026,101.5574265,NA,NA,NA,NA,NA,NA,NA,NA,NA,10398489,51.54098545,NA,NA,NA,NA,NA,NA,NA,NA,NA,NA,NA,69.66463415,66.85,72.62,NA,NA,NA,NA,3.273657289,Europe,Eastern Europe
HUN,HUNGARY,1973,-7,0,875.9819999,102.5417633,NA,NA,NA,NA,NA,NA,NA,NA,NA,10432055,51.54040298,NA,NA,NA,NA,NA,NA,NA,NA,NA,NA,NA,69.51804878,66.64,72.54,NA,NA,NA,NA,3.006993007,Europe,Eastern Europe
HUN,HUNGARY,1974,-7,0,955.8742078,102.6869888,NA,NA,NA,NA,NA,NA,NA,NA,NA,10478720,51.53874454,NA,NA,NA,NA,NA,NA,NA,NA,NA,NA,NA,69.24804878,66.37,72.27,NA,NA,NA,NA,3.20784139,Europe,Eastern Europe
HUN,HUNGARY,1975,-7,0,1083.474733,103.3556519,NA,NA,NA,NA,NA,NA,NA,NA,NA,10540525,51.53479784,NA,NA,NA,NA,NA,NA,NA,NA,NA,NA,NA,69.29,66.29,72.44,NA,NA,NA,NA,3.335405013,Europe,Eastern Europe
HUN,HUNGARY,1976,-7,0,1248.798513,102.5814819,NA,97.07418823,97.56841278,NA,NA,NA,NA,NA,NA,10598677,51.52996031,NA,NA,NA,NA,NA,NA,NA,NA,NA,NA,NA,69.57317073,66.7,72.59,NA,NA,NA,NA,3.006239365,Europe,Eastern Europe
HUN,HUNGARY,1977,-7,0,1388.395099,102.0447006,NA,98.77783203,101.1632614,NA,NA,NA,NA,NA,NA,10648031,51.52933125,NA,NA,NA,NA,NA,NA,NA,NA,NA,NA,NA,69.84804878,66.77,73.08,NA,NA,NA,NA,2.95532646,Europe,Eastern Europe
HUN,HUNGARY,1978,-7,0,1617.878534,100.4487534,NA,99.80066681,101.6024704,NA,NA,NA,NA,NA,NA,10684822,51.53378158,NA,NA,NA,NA,NA,NA,NA,NA,NA,NA,NA,69.39390244,66.15,72.8,NA,NA,NA,NA,3.239637923,Europe,Eastern Europe
HUN,HUNGARY,1979,-7,0,1864.671889,99.0005722,NA,95.5409317,95.46884918,NA,NA,NA,NA,NA,NA,10704152,51.53928336,NA,NA,NA,NA,NA,NA,NA,NA,NA,NA,NA,69.61536585,66.23,73.17,NA,NA,NA,NA,3.239044409,Europe,Eastern Europe
HUN,HUNGARY,1980,-7,0,2158.221814,99.41831207,NA,95.23388672,97.46350861,NA,NA,NA,NA,NA,NA,10711122,51.56132104,NA,NA,NA,NA,99,99,98,NA,NA,NA,NA,69.06170732,65.53,72.77,NA,NA,NA,NA,3.34257975,Europe,Eastern Europe
HUN,HUNGARY,1981,-7,0,2213.052677,101.6296005,NA,93.98522949,94.42722321,NA,NA,NA,NA,NA,35.13355274,10711848,51.60121951,NA,NA,NA,NA,NA,NA,NA,NA,NA,NA,NA,69.13926829,65.51,72.95,NA,NA,NA,NA,3.333760739,Europe,Eastern Europe
HUN,HUNGARY,1982,-7,0,2255.064057,103.5063629,NA,95.18605804,96.3166275,NA,NA,NA,NA,NA,33.92320856,10705535,51.64106697,NA,NA,NA,NA,NA,NA,NA,NA,NA,NA,NA,69.35780488,65.67,73.23,NA,NA,NA,NA,3.243306994,Europe,Eastern Europe
HUN,HUNGARY,1983,-7,0,2049.716179,102.0197906,NA,95.82846832,97.1761322,NA,NA,NA,NA,NA,36.63364842,10689463,51.68364118,NA,NA,NA,NA,NA,NA,NA,NA,NA,NA,NA,68.97365854,65.12,73.02,NA,NA,NA,NA,3.335936628,Europe,Eastern Europe
HUN,HUNGARY,1984,-7,0,1991.238948,101.0677567,NA,102.6182327,105.0201721,NA,NA,NA,NA,NA,34.55967169,10668095,51.73408725,NA,NA,NA,NA,NA,NA,NA,NA,NA,NA,NA,69.02585366,65.06,73.19,NA,NA,NA,NA,3.147675013,Europe,Eastern Europe
HUN,HUNGARY,1985,-7,0,2020.022866,98.30673218,NA,99.61466217,100.7747421,NA,NA,NA,NA,NA,29.85723419,10648713,51.78323937,NA,NA,NA,NA,NA,NA,NA,NA,NA,NA,NA,68.97219512,65.06,73.08,NA,NA,NA,NA,4.972429138,Europe,Eastern Europe
HUN,HUNGARY,1986,-7,0,2330.841883,96.28279114,NA,90.83804321,92.21968079,NA,NA,NA,NA,NA,34.13037826,10630564,51.82593674,NA,NA,NA,NA,NA,NA,NA,NA,NA,NA,NA,69.17341463,65.31,73.23,NA,NA,NA,NA,3.22373255,Europe,Eastern Europe
HUN,HUNGARY,1987,-7,0,2565.973911,96.20989227,NA,92.61485291,94.46278381,NA,NA,NA,NA,NA,34.14810037,10612741,51.86590492,NA,NA,NA,NA,NA,NA,NA,NA,NA,NA,NA,69.65121951,65.7,73.8,NA,NA,NA,NA,3.155577299,Europe,Eastern Europe
HUN,HUNGARY,1988,-2,0,2812.237546,94.07038116,NA,91.89269257,93.08551025,NA,NA,NA,NA,NA,33.52115156,10596487,51.90387347,NA,NA,NA,NA,NA,NA,NA,NA,NA,NA,NA,70.02341463,66.16,74.08,NA,NA,NA,NA,3.596223271,Europe,Eastern Europe
HUN,HUNGARY,1989,4,0,2902.435081,93.4664917,NA,91.69345093,92.54647064,NA,NA,NA,NA,NA,28.83763717,10481719,51.94574938,NA,NA,NA,NA,NA,NA,NA,NA,NA,NA,NA,69.46170732,65.33,73.8,NA,NA,NA,NA,2.786162062,Europe,Eastern Europe
HUN,HUNGARY,1990,10,1,3323.539672,93.70062256,NA,91.03710175,92.20127869,NA,NA,NA,NA,0,28.03316163,10373988,51.98860333,100,NA,NA,NA,99.09999847,99.30000305,98.80000305,NA,NA,NA,NA,69.31560976,65.14,73.7,NA,NA,NA,NA,2.563538027,Europe,Eastern Europe
HUN,HUNGARY,1991,10,1,3361.22268,94.3552475,NA,NA,NA,NA,NA,NA,NA,0.00338,25.46618727,10373400,52.02707566,100,NA,0.425007395,1.09075548,NA,NA,NA,NA,NA,NA,NA,69.37707317,65.06,73.91,NA,NA,NA,NA,2.161469799,Europe,Eastern Europe
HUN,HUNGARY,1992,10,1,3747.329664,96.37312317,NA,NA,NA,NA,NA,NA,NA,0.0484,23.99589355,10369341,52.07022647,100,NA,0.405846584,0.901641093,NA,NA,NA,NA,NA,NA,NA,69.11707317,64.6,73.86,NA,NA,NA,NA,2.179653172,Europe,Eastern Europe
HUN,HUNGARY,1993,10,1,3886.666084,97.40148163,NA,NA,NA,NA,NA,NA,NA,0.193,24.92890554,10357523,52.11989723,100,NA,0.367007077,0.815199937,NA,NA,NA,NA,NA,NA,NA,69.10121951,64.55,73.88,NA,NA,NA,NA,1.90656829,Europe,Eastern Europe
HUN,HUNGARY,1994,10,1,4187.03118,100.6236191,NA,NA,NA,91.54598,NA,NA,NA,0.484,24.11586166,10343355,52.17011477,100,NA,0.294098579,0.627061259,NA,NA,NA,NA,NA,9.300000191,NA,69.4697561,64.86,74.31,NA,NA,NA,NA,1.824134384,Europe,Eastern Europe
HUN,HUNGARY,1995,10,1,4509.417409,100.6827774,NA,NA,NA,90.50608,7.280179056,NA,NA,0.677,23.09163356,10328965,52.21700765,100,51.73692325,0.30440845,0.75638967,NA,NA,NA,NA,NA,8.800000191,NA,69.79170732,65.26,74.55,NA,NA,NA,NA,1.324727483,Europe,Eastern Europe
HUN,HUNGARY,1996,10,1,4542.012038,100.6772232,NA,NA,NA,78.42221,7.392160044,NA,NA,0.969,22.83044389,10311238,52.25569015,100,52.65892388,0.362825154,0.755257321,NA,NA,NA,NA,NA,8.800000191,NA,70.32878049,66.08,74.79,NA,NA,NA,NA,1.25906104,Europe,Eastern Europe
HUN,HUNGARY,1997,10,1,4606.056973,101.2493134,NA,96.75665283,94.90041351,87.00003,6.497830246,NA,NA,1.94,20.88983616,10290486,52.28899806,100,52.1661166,0.219233411,0.605176512,NA,NA,NA,NA,NA,8,NA,70.70243902,66.4,75.22,NA,NA,NA,NA,1.476684403,Europe,Eastern Europe
HUN,HUNGARY,1998,10,1,4751.773243,101.9921036,NA,99.10671997,99.33984375,86.77309,6.17370245,NA,NA,3.89,20.73219643,10266570,52.32737622,100,52.07382101,0.06243609,0.228600184,NA,NA,NA,NA,NA,8.100000382,NA,70.55780488,66.15,75.186,NA,0.621127963,NA,NA,1.272164175,Europe,Eastern Europe
HUN,HUNGARY,1999,10,1,4801.959496,101.6716309,NA,98.97428131,97.66181946,87.14489,5.445613261,NA,NA,5.86,21.7636593,10237530,52.36613846,100,52.90585905,0.178412635,0.358607756,NA,NA,NA,NA,NA,8.100000382,NA,70.67707317,66.36,75.21,NA,0.63916415,NA,NA,1.4336126,Europe,Eastern Europe
HUN,HUNGARY,2000,10,1,4629.917608,101.96772,NA,99.67195892,98.65305328,87.82211,5.065751564,15.4,NA,7,22.35122157,10210971,52.40057037,100,53.17998685,0.373626436,0.713370307,NA,NA,NA,NA,6.77804327,8.16,35,71.24634146,67.1,75.6,NA,NA,NA,NA,1.513100227,Europe,Eastern Europe
HUN,HUNGARY,2001,10,1,5280.94888,101.17836,NA,97.85743713,96.89050293,88.60332,5.029453294,NA,NA,14.5,21.37973757,10187576,52.42965532,100,54.29331397,0.234436693,0.684989298,NA,NA,NA,NA,6.82614756,7.93,33,72.24878049,68.2,76.5,NA,0.642082632,NA,NA,1.57012709,Europe,Eastern Europe
HUN,HUNGARY,2002,10,1,6658.044943,101.2561035,NA,98.45198822,97.89376831,89.1568,4.36980458,14.2,NA,16.7,20.88454061,10158608,52.4573,100,55.65108991,0.187700537,0.454218905,NA,NA,NA,NA,7.1210165,7.92,31,72.34878049,68.3,76.6,NA,0.650252104,NA,NA,1.593773802,Europe,Eastern Europe
HUN,HUNGARY,2003,10,1,8410.092482,101.3292465,NA,98.46156311,97.97292328,88.63265,3.90627498,NA,NA,21.6,20.68455606,10129552,52.48373152,100,55.61027324,0.179717245,0.418114307,NA,NA,NA,NA,8.1208477,7.9,31,72.3,68.3,76.5,NA,0.64285475,NA,NA,1.642621594,Europe,Eastern Europe
HUN,HUNGARY,2004,10,1,10291.26947,100.8597488,NA,98.96317291,99.2405777,88.68183,4.356835455,12.9,NA,27.7,20.38331658,10107146,52.50388393,100,54.35556937,0.188780374,0.449426243,NA,NA,NA,NA,7.75805521,7.9,26,72.64878049,68.6,76.9,NA,0.647925317,NA,NA,1.472723819,Europe,Eastern Europe
HUN,HUNGARY,2005,10,1,11212.2047,100.9824829,NA,97.33809662,96.68860626,89.3733,3.725141853,NA,NA,39,19.91931396,10087065,52.50630209,100,55.23626633,0.214107473,0.409312456,NA,NA,NA,NA,7.98451281,7.93,21,72.64878049,68.6,76.9,NA,0.655066907,NA,NA,1.409836156,Europe,Eastern Europe
HUN,HUNGARY,2006,10,1,11478.48916,101.5018082,NA,99.37606812,99.17095184,90.61516,3.538746011,11.6,NA,47.1,19.82880977,10071370,52.50259628,100,56.06974589,0.238336092,0.543296414,NA,NA,NA,NA,7.77806187,7.99,19,73.09756098,69,77.4,NA,0.53880316,NA,NA,1.218566507,Europe,Eastern Europe
HUN,HUNGARY,2007,10,1,13934.60546,101.5203323,NA,97.84252167,97.14099884,89.72605,3.487866309,NA,NA,53.3,21.3918026,10055780,52.50491276,100,55.81059078,0.19476725,0.466808154,NA,NA,NA,NA,7.20393276,7.2,18,73.15121951,69.2,77.3,NA,0.521609962,NA,NA,1.267214251,Europe,Eastern Europe
HUN,HUNGARY,2008,10,1,15762.63225,101.7479935,NA,101.3976822,99.92687225,91.18075,3.478149401,10.4,NA,61,23.27352482,10038188,52.50309559,100,56.41247891,0.240895211,0.659685571,NA,NA,NA,NA,7.08839607,7.12,16,73.70243902,69.8,77.8,NA,0.522521317,NA,NA,1.179767562,Europe,Eastern Europe
HUN,HUNGARY,2009,10,1,13051.18318,100.9205704,NA,99.95127869,98.50405121,91.91353,2.99527728,NA,NA,62,23.34088968,10022650,52.49366637,100,56.85830708,0.148972461,0.474511486,NA,NA,NA,NA,7.22221708,7.15,15,73.90487805,70.1,77.9,NA,0.518260062,NA,NA,1.125985152,Europe,Eastern Europe
HUN,HUNGARY,2010,10,1,13189.84339,100.4674225,NA,100.8666382,98.95372772,92.05381,3.007108941,9.1,NA,65,22.63499581,10000023,52.48290231,100,56.6270118,0.152616226,0.502154294,NA,NA,NA,NA,7.44858313,7.19,18,74.20731707,70.5,78.1,NA,0.517580986,NA,NA,1.021990357,Europe,Eastern Europe
HUN,HUNGARY,2011,10,1,14211.46056,100.1002884,NA,98.3245697,97.11022186,91.45924,3.973021544,NA,NA,68,21.07557795,9971727,52.45572491,100,55.96395109,0.22705237,0.67555422,NA,NA,NA,NA,7.48130894,7.2,15,74.85853659,71.2,78.7,NA,0.526613653,NA,NA,1.037090564,Europe,Eastern Europe
HUN,HUNGARY,2012,10,1,12950.15945,101.0699692,NA,98.03672791,97.70539093,90.78135,3.888507539,7.9,NA,70.6,22.92903194,9920362,52.41929108,100,55.19944142,0.237336347,0.618419921,NA,NA,NA,NA,7.41063309,7,13,75.06341463,71.6,78.7,NA,0.621835053,NA,NA,1.026498561,Europe,Eastern Europe
HUN,HUNGARY,2013,10,1,13739.46202,100.7059174,NA,97.79116821,97.82511139,90.77126,3.922537345,NA,NA,72.6,22.87443665,9872734,52.39638698,100,55.46678046,0.194311507,0.507806207,NA,NA,NA,NA,7.23441315,7.04,12,75.56585366,72.2,79.1,NA,0.615852356,NA,NA,0.943403779,Europe,Eastern Europe
HUN,HUNGARY,2014,10,1,14352.50188,101.3144379,NA,99.07407379,98.35604095,91.07825,3.945298304,7.2,NA,75.7,23.00295155,9833038,52.37057963,100,54.87387885,0.168537006,0.403352373,NA,NA,NA,NA,7.04665947,6.98,9.3,75.76341463,72.3,79.4,NA,0.603687406,NA,NA,0.857809631,Europe,Eastern Europe
HUN,HUNGARY,2015,10,1,12782.94126,100.8276825,NA,98.76074219,98.52471161,91.23812,3.761355482,NA,NA,72.8,23.22214919,9797755,52.33190954,100,54.11026031,0.083804183,0.28514741,NA,NA,NA,NA,6.85402203,6.99,10,75.56829268,72.3,79,NA,0.528985858,NA,NA,0.904722073,Europe,Eastern Europe
HUN,HUNGARY,2016,10,1,13215.86053,99.02863312,NA,96.51261139,97.10971069,91.39837,3.867725721,7.2,NA,79.3,23.00061726,9759755,52.29505393,100,55.55830183,0.070338664,0.227029692,NA,NA,NA,NA,6.9877739,7,8.6,76.06341463,72.6,79.7,NA,0.531029582,NA,NA,1.002019904,Europe,Eastern Europe
HUN,HUNGARY,2017,10,1,14736.16682,98.43126678,NA,100.4912872,99.66364288,90.83399,3.748946669,NA,NA,76.8,22.84571441,9726756,52.25434707,NA,55.92612291,0.0926984,0.282558589,NA,NA,NA,NA,6.74387121,7.02,7.6,75.81707317,72.5,79.3,NA,NA,NA,NA,1.193552897,Europe,Eastern Europe
HUN,HUNGARY,2018,10,1,16605.05705,96.75221252,NA,97.39212799,98.85346222,NA,3.471627303,NA,NA,76.1,22.44799236,9706964,52.18961423,NA,56.07314132,0.133636368,0.347622949,NA,NA,NA,NA,6.57987547,6.95,7.1,76.06585366,72.7,79.6,NA,NA,NA,NA,1.006068448,Europe,Eastern Europe
HUN,HUNGARY,2019,NA,1,17012.85986,96.62088013,NA,92.94434357,93.17814636,NA,3.325051122,NA,NA,80.4,22.23982414,9694824,52.12010915,NA,56.59052213,0.144282545,0.303895061,NA,NA,NA,NA,6.28167295,6.91,6.2,76.3195122,73.1,79.7,NA,NA,NA,NA,1.335242487,Europe,Eastern Europe
HUN,HUNGARY,2020,NA,1,16386.93088,97.17494202,NA,93.66465759,92.90496063,NA,3.362546854,NA,NA,84.8,22.68589593,9670419,52.07862346,NA,56.79240267,0.083351251,0.204655214,NA,NA,NA,NA,7.28760386,6.76,4.5,75.4195122,72.2,78.8,NA,NA,NA,NA,1.760069365,Europe,Eastern Europe
MDA,MOLDOVA,1991,5,1,1037.899503,NA,NA,NA,NA,NA,NA,NA,NA,NA,NA,2981566,53.53989996,95.2743988,NA,NA,NA,NA,NA,NA,NA,NA,13.11620045,NA,67.554,63.705,71.08,NA,NA,NA,NA,NA,Europe,Eastern Europe
MDA,MOLDOVA,1992,5,1,778.0176674,NA,NA,NA,NA,NA,NA,NA,NA,NA,NA,2980965,53.51481582,95.62885284,NA,NA,NA,NA,NA,NA,NA,NA,12.79030037,NA,66.749,62.595,70.652,NA,NA,NA,NA,NA,Europe,Eastern Europe
MDA,MOLDOVA,1993,5,1,796.9893888,NA,NA,NA,NA,NA,NA,NA,NA,NA,NA,2975966,53.50137436,95.9802475,NA,NA,NA,NA,NA,NA,NA,NA,12.48270035,NA,66.66,62.712,70.356,NA,NA,NA,NA,0.530067158,Europe,Eastern Europe
MDA,MOLDOVA,1994,7,1,573.7986472,NA,NA,NA,NA,NA,NA,NA,NA,0.000825,NA,2966745,53.49635818,96.32552338,NA,NA,NA,NA,NA,NA,NA,NA,12.2215004,NA,66.319,62.359,70.052,NA,NA,NA,NA,0.773794067,Europe,Eastern Europe
MDA,MOLDOVA,1995,7,1,593.593177,NA,NA,NA,NA,NA,29.27350971,NA,NA,0.00346,NA,2953200,53.50011588,96.66162872,33.14503801,0.019860241,0.296026513,NA,NA,NA,NA,NA,12.21000004,NA,66.218,62.229,69.998,NA,NA,NA,NA,0.925965937,Europe,Eastern Europe
MDA,MOLDOVA,1996,7,1,575.1454551,NA,NA,NA,NA,NA,27.48428291,NA,NA,0.00464,12.08967623,2947293,53.5137668,96.98548889,37.50487652,0.027368035,0.292635675,NA,NA,NA,NA,NA,12.13000011,NA,66.248,62.262,70.032,NA,NA,NA,NA,0.906693656,Europe,Eastern Europe
MDA,MOLDOVA,1997,7,1,657.2921346,NA,NA,NA,NA,NA,25.96379378,NA,NA,0.0281,18.2831061,2936413,53.53593517,97.29405212,38.3251495,0.017819529,0.262545842,NA,NA,NA,NA,NA,11.61999989,NA,66.484,62.5,70.264,NA,NA,NA,NA,0.902772521,Europe,Eastern Europe
MDA,MOLDOVA,1998,7,1,578.7346276,NA,NA,NA,NA,NA,25.76808685,NA,NA,0.261,18.08024084,2935227,53.56467226,97.58426666,43.30024195,0.005952803,0.220361559,NA,NA,NA,NA,NA,11.22999954,NA,66.84,62.878,70.586,NA,0.363942802,NA,NA,0.624855228,Europe,Eastern Europe
MDA,MOLDOVA,1999,7,1,399.4998186,NA,NA,NA,NA,NA,24.8810986,NA,NA,0.601,15.05735397,2930622,53.60032163,97.85306549,49.49965727,0.024511423,0.351298723,NA,NA,NA,NA,NA,8.18999958,NA,67.205,63.233,70.953,NA,0.37268877,NA,NA,0.511299143,Europe,Eastern Europe
MDA,MOLDOVA,2000,7,1,440.538684,NA,NA,NA,NA,89.1081,25.40932153,26.5,NA,1.28,14.72574961,2924668,53.64319336,98.08543396,45.34314243,0.046229395,0.314995331,97,98,95,NA,5.92687273,6.06,80,67.462,63.481,71.218,NA,0.377427995,NA,NA,0.387282499,Europe,Eastern Europe
MDA,MOLDOVA,2001,8,1,507.4040763,NA,NA,NA,NA,92.52591,22.42004068,NA,NA,1.49,12.17120031,2918135,53.68581092,98.31710815,45.92366881,0.027932953,0.215340732,NA,NA,NA,NA,6.23449755,5.96,99,67.672,63.677,71.445,NA,0.363532335,NA,NA,0.402592317,Europe,Eastern Europe
MDA,MOLDOVA,2002,8,1,570.7998662,NA,NA,NA,NA,91.36379,21.02182945,23.7,NA,3.79,12.88135437,2911385,53.72785775,99,47.93597743,0.024615865,0.227964199,NA,NA,NA,NA,7.40437651,5.89,104,67.793,63.783,71.582,NA,0.367839664,NA,NA,0.419846587,Europe,Eastern Europe
MDA,MOLDOVA,2003,8,1,682.319096,NA,NA,NA,NA,92.66273,18.3282016,NA,NA,7.41,14.67287013,2903198,53.7735568,98.75007629,48.51140519,0.023068303,0.260076624,NA,NA,NA,NA,7.02227592,5.89,119,67.9,63.862,71.718,NA,0.38224858,NA,NA,0.416381264,Europe,Eastern Europe
MDA,MOLDOVA,2004,8,1,897.1784947,NA,NA,NA,NA,92.37394,17.58673826,20.8,NA,10.6,16.35739261,2896023,53.80825563,99.1,49.88069431,0.022488589,0.211322275,NA,NA,NA,NA,8.97114944,5.71,133,68.017,63.936,71.876,NA,0.371954113,NA,NA,0.360979037,Europe,Eastern Europe
MDA,MOLDOVA,2005,9,1,1034.391977,NA,NA,NA,NA,90.98955,16.3997955,NA,NA,14.6,18.48533942,2888985,53.78964762,98.6,50.41155052,0.037572959,0.194137366,NA,NA,NA,12.8361187,9.55814838,5.74,142,68.197,64.067,72.102,NA,0.364089698,99.70983267,93.17045212,0.400235101,Europe,Eastern Europe
MDA,MOLDOVA,2006,9,1,1183.024814,NA,NA,NA,NA,87.78561,14.49887608,18,NA,19.6,19.57121151,2880967,53.7332875,99.40963745,52.64903249,0.02981506,0.297372393,NA,NA,NA,NA,10.54445267,5.7,138,68.423,64.246,72.385,NA,0.418855816,NA,NA,0.482634476,Europe,Eastern Europe
MDA,MOLDOVA,2007,9,1,1531.216186,NA,NA,NA,NA,87.5708,9.982970241,NA,NA,20.5,20.56653565,2874299,53.68427448,99.63329315,55.9735991,0.051933177,0.199605643,NA,NA,NA,NA,11.02066803,5.65,135,68.674,64.449,72.693,NA,0.422230124,NA,NA,0.516193542,Europe,Eastern Europe
MDA,MOLDOVA,2008,9,1,2110.553054,NA,NA,NA,NA,87.71829,8.810934172,15.1,NA,23.4,20.44594895,2868833,53.6426331,99.81942749,56.42998474,0.104253032,0.22497712,NA,NA,NA,NA,10.94920063,5.72,125,69,64.74,73.06,NA,0.423267812,NA,NA,0.608535617,Europe,Eastern Europe
MDA,MOLDOVA,2009,9,1,1898.439757,NA,91.97,NA,NA,87.51561,8.49746275,NA,NA,27.5,17.68531332,2865213,53.60832225,99.93630219,60.04977213,0.07090392,0.207982952,NA,NA,NA,NA,13.6766243,5.85,125,69.406,65.108,73.507,NA,0.413761467,NA,NA,0.457886649,Europe,Eastern Europe
MDA,MOLDOVA,2010,9,1,2436.799351,NA,NA,NA,NA,87.59101,11.16125723,12.3,NA,29.7,15.16064072,2862354,53.57992352,99.9860611,54.53671583,0.041012146,0.132478986,NA,NA,NA,NA,10.13112831,5.99,116,69.876,65.545,74.011,NA,0.421206653,NA,NA,0.262879175,Europe,Eastern Europe
MDA,MOLDOVA,2011,9,1,2941.362241,NA,NA,NA,NA,87.81111,11.3842526,NA,NA,32.1,15.24032722,2860699,53.55382476,99.99860382,53.57244789,0.065815104,0.168687808,NA,NA,NA,NA,9.09670353,6.13,119,70.173,65.818,74.341,NA,0.567944467,NA,NA,0.2729496,Europe,Eastern Europe
MDA,MOLDOVA,2012,9,1,3044.808432,NA,NA,NA,NA,87.92876,10.44817272,9.4,NA,34.7,15.59534634,2860324,53.52620306,100,54.45116483,0.052012165,0.168529747,NA,NA,NA,14.62690544,9.13962078,6.32,124,70.344,65.966,74.55,NA,0.424821585,99.16995168,96.64852023,0.274079917,Europe,Eastern Europe
MDA,MOLDOVA,2013,9,1,3321.043978,NA,NA,NA,NA,87.85464,11.55036194,NA,NA,37.4,15.469636,2859558,53.49698334,100,52.79920271,0.039892212,0.282675632,NA,NA,NA,NA,8.68300343,6.08,127,70.291,65.882,74.554,NA,0.430023015,NA,NA,0.281261546,Europe,Eastern Europe
MDA,MOLDOVA,2014,9,1,3289.957586,107.4289093,NA,108.5834198,109.702301,87.14635,14.07095696,6.5,NA,67,16.82879915,2857815,53.51707253,100,51.50662749,0.029966046,0.305194558,99,100,99,NA,8.63275623,6.03,115,70.241,65.8,74.561,NA,0.422470659,NA,NA,0.293185446,Europe,Eastern Europe
MDA,MOLDOVA,2015,9,1,2749.551371,105.7220001,NA,107.705513,106.4882965,86.85478,12.82125575,NA,NA,69,16.29096809,2835978,53.58591783,100,53.33420646,0.013644617,0.329718544,NA,NA,NA,NA,8.55763531,5.74,102,70.118,65.595,74.528,NA,0.432221144,NA,NA,0.295624501,Europe,Eastern Europe
MDA,MOLDOVA,2016,9,1,2847.087948,104.4644318,NA,107.0169983,106.2061768,86.88255,12.47974385,6.5,NA,71,16.43011832,2803186,53.6509117,100,53.79372401,0.008621965,0.268595628,NA,NA,NA,NA,7.53552246,5.83,101,70.179,65.588,74.65,NA,0.4252823,NA,NA,0.344191282,Europe,Eastern Europe
MDA,MOLDOVA,2017,9,1,3453.267277,103.6819,NA,107.6573792,106.7956696,86.50643,12.19959108,NA,NA,49.9,17.72739043,2755189,53.71298181,NA,53.10805789,0.0092365,0.26053445,NA,NA,NA,NA,7.1278038,5.78,95,70.375,65.72,74.892,NA,0.434828192,NA,NA,0.324532007,Europe,Eastern Europe
MDA,MOLDOVA,2018,9,1,4156.44982,103.3373871,NA,102.4244919,101.0954437,86.31417,10.14687846,6.5,NA,50.3,18.01408374,2707203,53.76769349,NA,53.93379139,0.01276358,0.262039474,NA,NA,NA,NA,6.70760345,5.77,86,70.236,65.645,74.665,NA,0.43747434,NA,NA,0.332323743,Europe,Eastern Europe
MDA,MOLDOVA,2019,NA,1,4405.334182,105.0749207,NA,105.0664368,99.70591736,NA,10.16081263,NA,NA,57.8,17.65629013,2664224,53.82051827,NA,54.67795953,0.010251132,0.24975686,NA,NA,NA,NA,6.49662447,5.8,80,70.181,65.575,74.622,NA,0.397683144,NA,NA,0.362122379,Europe,Eastern Europe
MDA,MOLDOVA,2020,NA,1,4375.778893,106.5199814,NA,104.209053,104.0618591,NA,9.366692014,NA,NA,58.2,17.90989849,2635130,53.87834537,NA,54.09472253,0.006190894,0.245939853,NA,NA,NA,NA,7.00484037,5.57,78,69.914,65.46,74.223,NA,NA,NA,NA,0.385463278,Europe,Eastern Europe
POL,POLAND,1960,-7,0,NA,NA,NA,NA,NA,NA,NA,NA,NA,NA,NA,29637450,51.63586029,NA,NA,NA,NA,NA,NA,NA,NA,NA,4.599999905,NA,67.6804878,64.9,70.6,NA,NA,NA,NA,NA,Europe,Eastern Europe
POL,POLAND,1961,-7,0,NA,NA,NA,NA,NA,NA,NA,NA,NA,NA,NA,29964000,51.59715966,NA,NA,NA,NA,NA,NA,NA,NA,NA,NA,NA,67.77804878,64.9,70.8,NA,NA,NA,NA,NA,Europe,Eastern Europe
POL,POLAND,1962,-7,0,NA,NA,NA,NA,NA,NA,NA,NA,NA,NA,NA,30308500,51.56153885,NA,NA,NA,NA,NA,NA,NA,NA,NA,NA,NA,67.42682927,64.5,70.5,NA,NA,NA,NA,NA,Europe,Eastern Europe
POL,POLAND,1963,-7,0,NA,NA,NA,NA,NA,NA,NA,NA,NA,NA,NA,30712000,51.52959084,NA,NA,NA,NA,NA,NA,NA,NA,NA,NA,NA,68.37560976,65.4,71.5,NA,NA,NA,NA,NA,Europe,Eastern Europe
POL,POLAND,1964,-7,0,NA,NA,NA,NA,NA,NA,NA,NA,NA,NA,NA,31139450,51.50168578,NA,NA,NA,NA,NA,NA,NA,NA,NA,NA,NA,68.62926829,65.8,71.6,NA,NA,NA,NA,NA,Europe,Eastern Europe
POL,POLAND,1965,-7,0,NA,NA,NA,NA,NA,NA,NA,NA,NA,NA,NA,31444950,51.47585989,NA,NA,NA,NA,NA,NA,NA,NA,NA,NA,NA,69.42926829,66.6,72.4,NA,NA,NA,NA,NA,Europe,Eastern Europe
POL,POLAND,1966,-7,0,NA,NA,NA,NA,NA,NA,NA,NA,NA,NA,NA,31681000,51.45488428,NA,NA,NA,NA,NA,NA,NA,NA,NA,NA,NA,69.82682927,66.9,72.9,NA,NA,NA,NA,NA,Europe,Eastern Europe
POL,POLAND,1967,-7,0,NA,NA,NA,NA,NA,NA,NA,NA,NA,NA,NA,31987155,51.43957652,NA,NA,NA,NA,NA,NA,NA,NA,NA,NA,NA,69.42439024,66.4,72.6,NA,NA,NA,NA,NA,Europe,Eastern Europe
POL,POLAND,1968,-7,0,NA,NA,NA,NA,NA,NA,NA,NA,NA,NA,NA,32294655,51.42708703,NA,NA,NA,NA,NA,NA,NA,NA,NA,NA,NA,70.2195122,67,73.6,NA,NA,NA,NA,NA,Europe,Eastern Europe
POL,POLAND,1969,-7,0,NA,NA,NA,NA,NA,NA,NA,NA,NA,NA,NA,32548300,51.4193011,NA,NA,NA,NA,NA,NA,NA,NA,NA,NA,NA,69.7195122,66.5,73.1,NA,NA,NA,NA,NA,Europe,Eastern Europe
POL,POLAND,1970,-7,0,NA,NA,NA,NA,NA,NA,NA,NA,NA,NA,NA,32664300,51.41791385,NA,NA,NA,NA,NA,NA,NA,NA,NA,5.199999809,NA,69.86829268,66.6,73.3,NA,NA,NA,NA,NA,Europe,Eastern Europe
POL,POLAND,1971,-7,0,NA,106.1903992,NA,NA,NA,NA,NA,NA,NA,NA,NA,32783500,51.41061251,NA,NA,NA,NA,NA,NA,NA,NA,NA,NA,NA,69.61219512,66.1,73.3,NA,NA,NA,NA,NA,Europe,Eastern Europe
POL,POLAND,1972,-7,0,NA,105.7580414,NA,NA,NA,NA,NA,NA,NA,NA,NA,33055650,51.38965878,NA,NA,NA,NA,NA,NA,NA,NA,NA,NA,NA,70.66585366,67.3,74.2,NA,NA,NA,NA,NA,Europe,Eastern Europe
POL,POLAND,1973,-7,0,NA,105.3387222,NA,NA,NA,NA,NA,NA,NA,NA,NA,33357200,51.36633889,NA,NA,NA,NA,NA,NA,NA,NA,NA,NA,NA,70.66341463,67.2,74.3,NA,NA,NA,NA,NA,Europe,Eastern Europe
POL,POLAND,1974,-7,0,NA,104.7136002,NA,NA,NA,NA,NA,NA,NA,NA,NA,33678899,51.34078628,NA,NA,NA,NA,NA,NA,NA,NA,NA,NA,NA,71.11707317,67.8,74.6,NA,NA,NA,NA,NA,Europe,Eastern Europe
POL,POLAND,1975,-7,0,NA,103.2641983,NA,NA,NA,NA,NA,NA,NA,NA,NA,34015199,51.31266713,NA,NA,NA,NA,NA,NA,NA,NA,NA,NA,NA,70.56097561,67,74.3,NA,NA,NA,NA,NA,Europe,Eastern Europe
POL,POLAND,1976,-7,0,NA,102.3763809,NA,NA,NA,NA,NA,NA,NA,NA,NA,34356300,51.29249083,NA,NA,NA,NA,NA,NA,NA,NA,NA,NA,NA,70.65609756,66.9,74.6,NA,NA,NA,NA,NA,Europe,Eastern Europe
POL,POLAND,1977,-7,0,NA,102.0348511,NA,NA,NA,NA,NA,NA,NA,NA,NA,34689050,51.28315509,NA,NA,NA,NA,NA,NA,NA,NA,NA,NA,NA,70.40243902,66.5,74.5,NA,NA,NA,NA,NA,Europe,Eastern Europe
POL,POLAND,1978,-7,0,NA,101.3718033,NA,NA,NA,NA,NA,NA,NA,NA,NA,34965600,51.28252925,NA,NA,NA,NA,99,99,98,NA,NA,NA,NA,70.35121951,66.4,74.5,NA,NA,NA,NA,NA,Europe,Eastern Europe
POL,POLAND,1979,-7,0,NA,100.5413513,NA,NA,NA,NA,NA,NA,NA,NA,NA,35247217,51.28284739,NA,NA,NA,NA,NA,NA,NA,NA,NA,NA,NA,70.75121951,66.8,74.9,NA,NA,NA,NA,NA,Europe,Eastern Europe
POL,POLAND,1980,-6,0,NA,99.71446228,NA,NA,NA,NA,NA,NA,NA,NA,NA,35574150,51.27844295,NA,NA,NA,NA,NA,NA,NA,NA,NA,5.599999905,NA,70.09756098,66,74.4,NA,NA,NA,NA,2.652329749,Europe,Eastern Europe
POL,POLAND,1981,-8,0,NA,99.41030121,NA,NA,NA,NA,NA,NA,NA,NA,NA,35898587,51.27349404,NA,NA,NA,NA,NA,NA,NA,NA,NA,NA,NA,71.05121951,67.1,75.2,NA,NA,NA,NA,2.913185616,Europe,Eastern Europe
POL,POLAND,1982,-8,0,NA,100.0346985,NA,NA,NA,NA,NA,NA,NA,NA,NA,36230481,51.26526973,NA,NA,NA,NA,NA,NA,NA,NA,NA,NA,NA,71.10243902,67.2,75.2,NA,NA,NA,NA,3.245582402,Europe,Eastern Europe
POL,POLAND,1983,-7,0,NA,100.1855164,NA,NA,NA,NA,NA,NA,NA,NA,NA,36571808,51.25172327,NA,NA,NA,NA,NA,NA,NA,NA,NA,NA,NA,71,67,75.2,NA,NA,NA,NA,2.902946274,Europe,Eastern Europe
POL,POLAND,1984,-7,0,NA,100.4752884,NA,NA,NA,NA,NA,NA,NA,NA,NA,36904134,51.23831484,NA,NA,NA,NA,NA,NA,NA,NA,NA,NA,NA,70.8,66.8,75,NA,NA,NA,NA,3.055037313,Europe,Eastern Europe
POL,POLAND,1985,-7,0,NA,101.0717773,NA,NA,NA,NA,NA,NA,NA,NA,NA,37201885,51.22691945,NA,NA,NA,NA,NA,NA,NA,NA,NA,5.699999809,NA,70.54878049,66.5,74.8,NA,NA,NA,NA,3.015797032,Europe,Eastern Europe
POL,POLAND,1986,-7,0,NA,101.6242065,NA,NA,NA,NA,NA,NA,NA,NA,NA,37456119,51.22209771,NA,NA,NA,NA,NA,NA,NA,NA,NA,NA,NA,70.84878049,66.8,75.1,NA,NA,NA,NA,2.941403536,Europe,Eastern Europe
POL,POLAND,1987,-6,0,NA,101.4064407,NA,NA,NA,NA,NA,NA,NA,NA,NA,37668045,51.22207712,NA,NA,NA,NA,NA,NA,NA,NA,NA,NA,NA,70.89756098,66.8,75.2,NA,NA,NA,NA,2.762691854,Europe,Eastern Europe
POL,POLAND,1988,-6,0,NA,101.250679,NA,NA,NA,NA,NA,NA,NA,NA,NA,37824487,51.23877435,NA,NA,NA,NA,99.30000305,99.59999847,99,NA,NA,NA,NA,71.33170732,67.2,75.67,NA,NA,NA,NA,2.592055081,Europe,Eastern Europe
POL,POLAND,1989,5,1,NA,100.1067505,NA,NA,NA,NA,NA,NA,NA,NA,NA,37961529,51.26469872,NA,NA,NA,NA,NA,NA,NA,NA,NA,NA,NA,71.04390244,66.8,75.5,NA,NA,NA,NA,1.81712151,Europe,Eastern Europe
POL,POLAND,1990,5,1,1731.209509,99.51448822,NA,NA,NA,NA,NA,NA,NA,0,NA,38110782,51.28527963,100,NA,0.016791686,3.396551975,NA,NA,NA,NA,NA,5.699999809,NA,70.8902439,66.5,75.5,NA,NA,NA,NA,2.612485744,Europe,Eastern Europe
POL,POLAND,1991,8,1,2235.541089,98.94039917,NA,NA,NA,NA,NA,NA,NA,0.00523,NA,38246193,51.30983198,100,NA,0.009317648,2.13956315,NA,NA,NA,NA,NA,5.699999809,NA,70.58780488,66.1,75.3,NA,NA,NA,NA,2.251650225,Europe,Eastern Europe
POL,POLAND,1992,8,1,2459.020685,98.77255249,NA,NA,NA,NA,NA,NA,NA,0.0521,NA,38363667,51.33635981,100,NA,0.009776346,1.715849048,NA,NA,NA,NA,NA,5.599999905,NA,71.0902439,66.7,75.7,NA,NA,NA,NA,2.230999443,Europe,Eastern Europe
POL,POLAND,1993,8,1,2497.130559,100.1311417,NA,NA,NA,NA,NA,NA,NA,0.13,NA,38461408,51.35913462,100,NA,0.014217542,1.253378598,NA,NA,NA,NA,NA,5.599999905,NA,71.59512195,67.4,76,NA,NA,NA,NA,2.469187315,Europe,Eastern Europe
POL,POLAND,1994,8,1,2874.831636,99.91876984,NA,NA,NA,NA,NA,NA,NA,0.389,22.78268073,38542652,51.37993214,100,NA,0.011297051,0.964498483,NA,NA,NA,NA,NA,5.599999905,NA,71.69512195,67.5,76.1,NA,NA,NA,NA,2.273232103,Europe,Eastern Europe
POL,POLAND,1995,9,1,3700.959568,98.40229034,NA,NA,NA,NA,5.735880432,NA,NA,0.648,22.28384351,38594998,51.40276733,100,48.77086214,0.011179437,1.121372642,NA,NA,NA,NA,NA,5.5,NA,71.89268293,67.6,76.4,NA,NA,NA,NA,1.955507055,Europe,Eastern Europe
POL,POLAND,1996,9,1,4163.511954,98.99223328,NA,NA,NA,NA,5.300206657,NA,NA,1.3,21.57239464,38624370,51.42376773,100,50.29268765,0.013358359,0.836661886,NA,NA,NA,NA,NA,5.5,NA,72.24634146,68.1,76.6,NA,NA,NA,NA,1.967919401,Europe,Eastern Europe
POL,POLAND,1997,9,1,4137.008318,100.949028,NA,NA,NA,NA,4.623344821,NA,NA,2.07,20.83480344,38649660,51.44445479,100,51.94959749,0.011582347,0.824176287,NA,NA,NA,NA,NA,5.400000095,NA,72.64634146,68.5,77,NA,NA,NA,NA,2.031306697,Europe,Eastern Europe
POL,POLAND,1998,9,1,4533.535655,101.9485474,NA,NA,NA,NA,4.018378925,NA,NA,4.1,20.08417928,38663481,51.46819935,100,53.29838996,0.00400105,0.472405291,NA,NA,NA,NA,NA,5.300000191,NA,72.99756098,68.9,77.3,NA,0.610896349,NA,NA,2.019081314,Europe,Eastern Europe
POL,POLAND,1999,9,1,4415.500675,101.0695801,NA,NA,NA,96.92873,3.355566942,NA,NA,5.46,17.99297995,38660271,51.50299262,100,54.16544227,0.015048577,0.411421201,NA,NA,NA,NA,NA,5.099999905,NA,73.04390244,68.8,77.5,NA,0.605805874,NA,NA,1.901135771,Europe,Eastern Europe
POL,POLAND,2000,9,1,4520.641004,100.3390808,NA,NA,NA,96.5775,3.190500074,2.1,NA,7.29,16.88894979,38258629,51.53328562,100,56.84110958,0.046531978,0.607750042,NA,NA,NA,NA,5.28789568,4.900000095,33,73.74878049,69.7,78,NA,0.601312995,NA,NA,1.830336585,Europe,Eastern Europe
POL,POLAND,2001,9,1,5015.2379,100.5302277,NA,NA,NA,96.31324,3.324950179,NA,NA,9.9,15.97914186,38248076,51.54939203,100,58.28054068,0.036640288,0.785713116,NA,NA,NA,NA,5.66721439,NA,31,74.2,70.2,78.4,NA,0.6027385,NA,NA,1.905638001,Europe,Eastern Europe
POL,POLAND,2002,10,1,5223.45179,100.3001022,NA,NA,NA,95.41977,2.80941627,1.8,NA,21.2,16.78813393,38230364,51.56680689,100,58.7964554,0.031924019,0.565655329,NA,NA,NA,NA,6.06724358,5.599999905,30,74.49756098,70.4,78.8,NA,0.60271281,NA,NA,1.900638649,Europe,Eastern Europe
POL,POLAND,2003,10,1,5720.813662,100.1832275,NA,NA,NA,94.48538,2.691761539,NA,NA,24.9,16.66527451,38204570,51.58471768,100,57.94828477,0.036931337,0.598445982,NA,NA,NA,NA,5.95371294,6.61,30,74.59756098,70.5,78.9,NA,0.602562785,NA,NA,1.908042037,Europe,Eastern Europe
POL,POLAND,2004,10,1,6711.727153,100.0514984,NA,NA,NA,93.68903,3.333585821,1.55,NA,32.5,15.61857556,38182222,51.60619072,100,55.98337421,0.049391909,1.444320445,NA,NA,NA,NA,5.86845207,6.6,26,74.84634146,70.7,79.2,NA,0.61566788,NA,NA,1.873241006,Europe,Eastern Europe
POL,POLAND,2005,10,1,8043.923323,99.92912292,NA,NA,NA,93.08055,2.967603718,NA,NA,38.8,16.42798248,38165445,51.63084755,100,55.88572556,0.057882428,1.168820237,NA,NA,NA,NA,5.80689144,6.45,25,74.99512195,70.8,79.4,NA,0.538247943,NA,NA,1.92612987,Europe,Eastern Europe
POL,POLAND,2006,10,1,9068.855283,99.63751984,NA,NA,NA,93.13525,2.745918249,1.25,NA,44.6,17.09206941,38141267,51.66306565,100,55.7400722,0.061545487,1.600978438,NA,NA,NA,NA,5.80280542,6.4,24,75.14390244,70.9,79.6,NA,0.537062287,NA,NA,1.92075038,Europe,Eastern Europe
POL,POLAND,2007,10,1,11272.52937,99.11749268,NA,NA,NA,93.21407,3.094087084,NA,NA,48.6,18.05730476,38120560,51.70146853,100,54.92941997,0.047320523,1.362531962,NA,NA,NA,NA,5.87339211,6.36,24,75.24390244,71,79.7,NA,0.532880425,NA,NA,2.002032828,Europe,Eastern Europe
POL,POLAND,2008,10,1,14048.56047,98.23863983,NA,NA,NA,93.39226,2.643094995,0.85,NA,53.1,18.1987401,38125759,51.72901405,100,55.82992811,0.054781653,2.047753996,NA,NA,NA,NA,6.37592173,6.55,22,75.54390244,71.3,80,NA,0.540690184,NA,NA,1.752139711,Europe,Eastern Europe
POL,POLAND,2009,10,1,11556.30269,98.03964996,NA,96.74936676,96.73336792,94.08139,2.62640625,NA,NA,59,16.00966529,38151603,51.85105287,100,56.20429413,0.031855529,1.143762448,NA,NA,NA,NA,6.587708,6.58,23,75.69512195,71.5,80.1,NA,0.539307714,NA,NA,1.797416228,Europe,Eastern Europe
POL,POLAND,2010,10,1,12567.73177,98.61963654,NA,97.48223877,97.01869202,94.57285,2.915548157,0.55,NA,62.3,16.53702355,38042794,51.80826395,100,55.32979572,0.034645054,4.330272184,NA,NA,NA,NA,6.46800566,6.51,21,76.24634146,72.1,80.6,NA,0.546723127,NA,NA,1.847852155,Europe,Eastern Europe
POL,POLAND,2011,10,1,13867.66694,99.25834656,NA,97.17215729,96.80020905,94.67055,3.171807012,NA,NA,62,16.66968256,38063255,51.59563378,100,54.29432809,0.048215184,5.714163479,NA,NA,NA,NA,6.28671598,6.53,24,76.69512195,72.5,81.1,NA,0.550405025,NA,NA,1.803183618,Europe,Eastern Europe
POL,POLAND,2012,10,1,13087.42094,100.6808167,NA,97.07832336,96.55796814,95.46034,2.985621134,0.25,NA,62.3,16.00525692,38063164,51.53517838,100,55.33490071,0.051447677,3.798872468,NA,NA,NA,NA,6.2652421,6.53,21,76.74634146,72.6,81.1,NA,0.584102273,NA,NA,1.81467677,Europe,Eastern Europe
POL,POLAND,2013,10,1,13621.90238,100.0735016,NA,96.513237,96.13217926,96.00958,3.226525369,NA,NA,62.8,15.67425911,38040196,51.52928198,100,56.74106467,0.068019569,3.333309047,NA,NA,NA,NA,6.48017406,6.51,21,77,73,81.2,NA,0.575579166,NA,NA,1.798449936,Europe,Eastern Europe
POL,POLAND,2014,10,1,14262.28419,99.56371307,NA,96.19886017,96.20345306,96.0052,2.971199022,0.05,NA,66.6,15.62719823,38011735,51.52209011,100,55.70525996,0.060321539,3.157677038,NA,NA,NA,NA,6.42679548,6.53,20,77.60243902,73.7,81.7,NA,0.577039421,NA,NA,1.91903676,Europe,Eastern Europe
POL,POLAND,2015,10,1,12637.52203,NA,NA,99.0123291,99.94030762,NA,2.483636942,NA,NA,68,15.61359532,37986412,51.51410581,100,55.29961913,0.028428904,1.290983195,NA,NA,NA,NA,6.40416241,6.54,19,77.45121951,73.5,81.6,NA,0.568180978,NA,NA,2.14054583,Europe,Eastern Europe
POL,POLAND,2016,10,1,12464.0121,NA,NA,99.65122986,101.2642517,NA,2.623796866,4.5,NA,73.3,16.20902913,37970087,51.50606202,100,55.06259513,0.023551252,2.0262473,NA,NA,NA,NA,6.59210491,6.54,18,77.85121951,73.9,82,NA,0.574241042,NA,NA,1.949217707,Europe,Eastern Europe
POL,POLAND,2017,10,1,13913.34152,97.68032837,NA,103.738678,106.8236694,95.78475,2.98537286,NA,NA,76,16.73557568,37974826,51.49720201,NA,56.07085409,0.031672173,3.061460965,NA,NA,NA,NA,6.58342791,6.53,17,77.75365854,73.9,81.8,NA,NA,NA,NA,1.901659981,Europe,Eastern Europe
POL,POLAND,2018,10,1,15658.21059,94.48976135,NA,94.50708008,93.84088898,NA,2.415641369,4.3,NA,77.5,17.18482185,37974750,51.48702294,NA,56.42663138,0.04561187,2.713150649,NA,NA,NA,NA,6.3129096,6.44,16,77.60243902,73.7,81.7,NA,NA,NA,NA,2.04480025,Europe,Eastern Europe
POL,POLAND,2019,NA,1,15874.52205,94.94496155,NA,95.04889679,94.29234314,NA,2.370297446,NA,NA,80.4,17.14075929,37965475,51.47631118,NA,56.82473403,0.040202597,0.671601201,NA,NA,NA,NA,6.46008492,6.09,15,77.90487805,74.1,81.9,NA,0.609164238,NA,NA,1.97509539,Europe,Eastern Europe
POL,POLAND,2020,NA,1,16150.9291,82.21154022,NA,NA,NA,NA,2.568444235,3.7,NA,83.2,17.29114409,37515748,51.48469861,NA,57.09606252,0.020719946,0.535468929,NA,NA,NA,NA,6.49677992,6.11,9.5,76.4,72.4,80.6,NA,NA,NA,NA,2.287485156,Europe,Eastern Europe
RUS,RUSSIA,1992,5,1,3098.802734,106.6736984,NA,NA,NA,NA,7.263364019,NA,NA,0.000673,NA,148538197,53.11241593,100,48.72571226,4.800325108,7.920906885,NA,NA,NA,NA,NA,12.23429966,NA,66.87317073,62,71.99,NA,NA,NA,NA,4.427032321,Europe,Eastern Europe
RUS,RUSSIA,1993,3,1,2930.670166,106.2291031,NA,NA,NA,NA,7.557203778,NA,NA,0.0134,NA,148458777,53.10172265,100,42.84644965,4.30486115,7.619837902,NA,NA,NA,NA,NA,12.19589996,NA,64.93585366,58.97,71.2,NA,NA,NA,NA,4.181324647,Europe,Eastern Europe
RUS,RUSSIA,1994,3,1,2662.104004,105.0873184,NA,91.60015869,91.92810059,96.84388,6.109561032,NA,NA,0.0538,NA,148407912,53.08990706,100,44.83260843,3.858131393,6.873706361,NA,NA,NA,NA,NA,11.96119976,NA,64.46707317,57.55,71.73,NA,NA,NA,NA,4.523700655,Europe,Eastern Europe
RUS,RUSSIA,1995,3,1,2665.779785,105.6302414,NA,92.72866058,92.20475006,93.30283,6.692231083,NA,NA,0.148,NA,148375787,53.10170408,100,52.22880346,4.545935217,9.159260998,NA,NA,NA,NA,NA,11.86999989,NA,64.69073171,58.12,71.59,NA,NA,NA,NA,3.784429967,Europe,Eastern Europe
RUS,RUSSIA,1996,3,1,2643.929199,106.733429,NA,NA,NA,NA,6.549375242,NA,NA,0.27,NA,148160129,53.13428376,100,49.41665487,6.321318643,10.49266914,NA,NA,NA,NA,NA,11.63000011,NA,65.85414634,59.62,72.4,NA,NA,NA,NA,3.756558821,Europe,Eastern Europe
RUS,RUSSIA,1997,3,1,2737.572021,108.9518127,NA,NA,NA,NA,5.869762144,NA,NA,0.473,NA,147915361,53.15577443,100,50.59521523,4.827778699,8.831398829,NA,NA,NA,NA,NA,11.34000015,NA,66.69878049,60.85,72.84,NA,NA,NA,NA,4.039809297,Europe,Eastern Europe
RUS,RUSSIA,1998,3,1,1834.861816,110.3489685,NA,NA,NA,NA,5.103393148,NA,NA,0.813,NA,147670784,53.17209378,100,51.82491939,2.223993488,4.272296599,NA,NA,NA,NA,NA,11.10999966,NA,67.0297561,61.22,73.13,NA,NA,NA,NA,2.732649089,Europe,Eastern Europe
RUS,RUSSIA,1999,3,0,1330.757202,111.7764664,NA,NA,NA,NA,6.580647609,NA,NA,1.02,11.24287265,147214776,53.19925757,100,49.88976793,8.760390946,11.82956649,NA,NA,NA,NA,NA,10.85000038,NA,65.98219512,59.87,72.4,NA,NA,NA,NA,3.073287922,Europe,Eastern Europe
RUS,RUSSIA,2000,6,0,1771.594116,110.8097992,NA,NA,NA,NA,5.751715628,3.65,NA,1.98,13.72553445,146596869,53.24547027,100,49.71770944,15.35599381,21.50269615,NA,NA,NA,NA,5.01989794,10.72,95,65.48365854,59.03,72.26,NA,NA,NA,NA,3.307029837,Europe,Eastern Europe
RUS,RUSSIA,2001,6,0,2100.352539,115.6664963,NA,NA,NA,NA,5.875721568,NA,NA,2.94,15.7786996,145976482,53.31238226,100,51.46595396,10.30036244,19.50860273,NA,NA,NA,NA,5.24284792,10.65,92,65.38341463,58.92,72.17,NA,NA,NA,NA,3.546319229,Europe,Eastern Europe
RUS,RUSSIA,2002,6,0,2377.529541,122.0463867,NA,NA,NA,NA,5.565713753,3.55,NA,4.13,13.63496607,145306497,53.3848773,100,53.84374139,10.46236624,16.98119638,99,100,99,NA,5.52166557,10.52,90,65.12878049,58.68,71.9,NA,NA,NA,NA,3.756277391,Europe,Eastern Europe
RUS,RUSSIA,2003,6,0,2975.123047,126.5746384,NA,NA,NA,NA,5.502946052,NA,NA,8.3,13.3140302,144648618,53.45589946,100,53.81745508,10.9344981,16.82277916,NA,NA,NA,NA,5.16368914,10.4,88,65.02756098,58.53,71.85,NA,0.732631803,NA,NA,3.67083809,Europe,Eastern Europe
RUS,RUSSIA,2004,6,0,4102.364746,NA,NA,NA,NA,NA,4.904441948,3.5,NA,12.9,13.23402539,144067316,53.53480994,100,50.65827059,11.69576154,16.410225,NA,NA,NA,NA,4.7603755,9.84,87,65.47097561,58.91,72.36,NA,NA,NA,NA,3.300353647,Europe,Eastern Europe
RUS,RUSSIA,2005,6,0,5323.455078,96.79379272,NA,NA,NA,NA,4.255916006,NA,NA,15.2,16.62290968,143518814,53.61703633,100,48.80604449,13.68686372,17.41658497,NA,NA,NA,NA,4.77177477,9.7,88,65.5297561,58.92,72.47,NA,0.732279599,NA,NA,3.331237234,Europe,Eastern Europe
RUS,RUSSIA,2006,6,0,6920.199707,96.5280838,NA,NA,NA,90.00407,3.861312471,3.35,NA,18,16.56821576,143049637,53.68463385,100,49.72147556,12.44501327,18.03799143,NA,NA,NA,NA,4.76654387,9.6,88,66.72756098,60.43,73.34,NA,NA,NA,NA,3.246357234,Europe,Eastern Europe
RUS,RUSSIA,2007,4,0,9101.239258,96.10588074,NA,NA,NA,90.42511,3.778901706,NA,NA,24.7,16.55131306,142805114,53.72218322,100,50.67304761,10.73262067,15.78706118,NA,NA,NA,NA,4.74792528,9.44,90,67.58682927,61.46,74.02,NA,0.732112467,NA,NA,3.118542075,Europe,Eastern Europe
RUS,RUSSIA,2008,4,0,11635.28418,95.32221222,NA,NA,NA,92.46538,3.753341188,3.3,NA,32,15.81806782,142742366,53.74170824,100,50.69568778,12.39541431,19.1049787,NA,NA,NA,NA,4.90364122,9.17,90,67.94926829,61.92,74.28,NA,NA,NA,NA,3.14948602,Europe,Eastern Europe
RUS,RUSSIA,2009,4,0,8562.824219,95.5198288,NA,NA,NA,94.06098,4.084448697,NA,NA,42.6,12.95635241,142785348,53.74939706,100,53.7665267,9.192144682,14.45912817,NA,NA,NA,NA,5.64392471,8.93,89,68.68463415,62.87,74.79,NA,0.733003974,NA,NA,3.924063403,Europe,Eastern Europe
RUS,RUSSIA,2010,4,0,10674.99023,NA,NA,NA,NA,NA,3.343898249,3.2,NA,49,13.04834885,142849468,53.74401607,100,53.12021224,8.571286592,13.67672878,100,100,100,NA,4.97111797,8.73,85,68.84121951,63.09,74.88,NA,NA,NA,NA,3.58508572,Europe,Eastern Europe
RUS,RUSSIA,2011,4,0,14305.33203,96.13340759,NA,NA,NA,95.35339,3.150725721,NA,NA,58,13.95420368,143018195,53.72719891,100,53.79758317,10.67789183,16.26756007,NA,NA,NA,10.69999981,4.79491472,8.55,81,69.68390244,64.04,75.61,NA,NA,NA,NA,3.433043838,Europe,Eastern Europe
RUS,RUSSIA,2012,4,0,15401.85156,97.26222992,NA,NA,NA,96.25961,2.926030878,3.15,NA,66,13.75467304,143378447,53.70260097,100,54.50964682,9.613076239,14.29337246,NA,NA,NA,NA,4.93637609,8.37,77,70.07219512,64.56,75.86,NA,0.742169738,NA,NA,3.689240435,Europe,Eastern Europe
RUS,RUSSIA,2013,4,0,15941.44824,96.94841003,NA,NA,NA,96.16903,2.993600488,NA,NA,68,12.93349245,143805638,53.67565001,100,56.12160455,8.680482615,12.79988501,NA,NA,NA,NA,5.08104897,8.11,73,70.57878049,65.13,76.3,NA,NA,NA,NA,3.854042583,Europe,Eastern Europe
RUS,RUSSIA,2014,4,0,14055.47266,97.49626923,NA,94.39202881,95.66194916,94.3729,3.360605488,3,NA,70.5,13.2553613,144237223,53.65401292,100,55.68483069,9.087489465,12.42719789,NA,NA,NA,NA,5.18209648,7.89,70,70.74365854,65.29,76.47,NA,NA,NA,NA,4.112992978,Europe,Eastern Europe
RUS,RUSSIA,2015,4,0,9277.713867,98.38278198,NA,96.5984726,98.12339783,95.66588,3.873104487,NA,NA,70.1,10.64209481,144640716,53.63687819,100,56.14249097,5.932858423,9.761666714,NA,NA,NA,NA,5.29604387,7.58,67,71.18341463,65.92,76.71,NA,0.727002323,NA,NA,4.871514747,Europe,Eastern Europe
RUS,RUSSIA,2016,4,0,8663.158203,98.33412933,NA,94.31503296,95.58718109,96.73427,3.840217285,2.9,NA,73.1,9.1831221,145015460,53.6148757,100,57.01232515,5.006136595,8.194189141,NA,NA,NA,NA,5.28970242,7.4,63,71.65121951,66.5,77.06,NA,0.725413382,NA,NA,5.425147705,Europe,Eastern Europe
RUS,RUSSIA,2017,4,0,10658.91309,100.767601,NA,NA,NA,95.09612,3.55363209,NA,NA,76,10.28840567,145293260,53.59015967,NA,56.03276847,6.228645191,9.715466239,NA,NA,NA,NA,5.35889816,7.25,59,72.45146341,67.51,77.64,NA,0.743079007,NA,NA,4.248996052,Europe,Eastern Europe
RUS,RUSSIA,2018,4,0,11211.8877,102.0685577,NA,99.85249329,99.33300018,NA,3.394253381,2.85,NA,80.9,11.4687676,145398106,53.5707487,NA,53.42880552,9.654760957,14.47348682,NA,NA,NA,NA,5.35520792,7.17,54,72.66219512,67.75,77.82,NA,0.743624151,NA,NA,3.71982244,Europe,Eastern Europe
RUS,RUSSIA,2019,NA,0,11447.70117,101.8323364,NA,100.3560867,99.67565155,NA,3.530302914,NA,NA,82.6,10.93839974,145453291,53.56393962,NA,54.17294421,8.493707431,12.20711401,NA,NA,NA,NA,5.64849091,7.07,50,73.08390244,68.24,78.17,NA,0.745442927,NA,NA,3.860337504,Europe,Eastern Europe
RUS,RUSSIA,2020,NA,0,10108.32715,102.7630463,NA,NA,NA,NA,4.006351634,2.75,NA,85,10.79911962,145245148,53.55968969,NA,56.3729429,4.707770969,7.58812544,NA,NA,NA,NA,8.04076004,7.08,49,71.33878049,66.49,76.43,NA,NA,NA,NA,4.171478901,Europe,Eastern Europe
SVK,SLOVAKIA,1993,7,1,3143.101431,100.3580933,NA,96.01730347,96.95316315,NA,NA,NA,NA,0.128,NA,5325305,51.26153696,100,NA,0.021375992,0.830401182,NA,NA,NA,NA,NA,7.874000073,NA,72.44878049,68.4,76.7,NA,NA,NA,NA,1.996360321,Europe,Eastern Europe
SVK,SLOVAKIA,1994,7,1,3820.964275,100.9528809,NA,97.49411011,97.59824371,NA,NA,NA,NA,0.319,NA,5346331,51.28397943,100,NA,0.015638618,0.536439465,NA,NA,NA,NA,NA,7.099299908,NA,72.3,68.3,76.5,NA,NA,NA,NA,1.939519014,Europe,Eastern Europe
SVK,SLOVAKIA,1995,7,1,4882.511582,100.7934418,NA,96.65953827,97.01526642,NA,2.129568737,NA,NA,0.523,22.94000859,5361999,51.30599186,100,57.05163,0.014999813,0.498550713,NA,NA,NA,NA,NA,NA,NA,72.25365854,68.4,76.3,NA,NA,NA,NA,3.154558108,Europe,Eastern Europe
SVK,SLOVAKIA,1996,7,1,5247.70081,100.9777298,NA,97.49533844,97.22856903,NA,2.14604808,NA,NA,0.783,21.21139837,5373361,51.32563085,100,57.15453264,0.022328167,0.489853876,NA,NA,NA,NA,NA,8.300000191,NA,72.65365854,68.8,76.7,NA,NA,NA,NA,2.973828668,Europe,Eastern Europe
SVK,SLOVAKIA,1997,7,1,5172.417575,100.213829,NA,98.34005737,98.50097656,NA,1.941358883,NA,NA,1.17,20.36026757,5383291,51.34391937,100,59.05377938,0.016510382,0.378012958,NA,NA,NA,NA,NA,8.100000382,NA,72.70487805,68.9,76.7,NA,NA,NA,NA,2.283116245,Europe,Eastern Europe
SVK,SLOVAKIA,1998,9,1,5560.916178,102.711647,NA,99.42070007,99.60182953,NA,2.005263376,NA,NA,2.69,20.08190707,5390516,51.36620044,100,58.09302019,0.003794096,0.330940623,NA,NA,NA,NA,NA,8,NA,72.55121951,68.6,76.7,NA,NA,NA,NA,1.744336533,Europe,Eastern Europe
SVK,SLOVAKIA,1999,9,1,5651.623275,102.7101593,NA,100.9719391,100.2053528,NA,1.519395868,NA,NA,5.44,19.72474724,5396020,51.39220067,100,58.56536084,0.008462998,0.356253004,NA,NA,NA,NA,NA,8,NA,72.90243902,69,77,NA,NA,NA,NA,1.57382655,Europe,Eastern Europe
SVK,SLOVAKIA,2000,9,1,5421.644844,102.8453827,NA,98.92062378,98.75435638,NA,1.586626713,0.05,NA,9.43,18.51876651,5388720,51.41707275,100,57.22518784,0.024159705,0.404812703,NA,NA,NA,NA,5.30256939,7.87,22,73.05121951,69.1,77.2,NA,NA,NA,NA,1.655312382,Europe,Eastern Europe
SVK,SLOVAKIA,2001,9,1,5712.478028,104.6096878,NA,101.1060028,100.8837814,88.10281,1.98525493,NA,NA,12.5,17.30468577,5378867,51.42579047,100,57.50975039,0.01580032,0.359441675,NA,NA,NA,NA,5.3315053,7.67,21,73.40243902,69.5,77.5,NA,NA,NA,NA,1.84316099,Europe,Eastern Europe
SVK,SLOVAKIA,2002,9,1,6554.628084,104.1809921,NA,99.98137665,99.04695892,85.33072,1.909015523,0.05,NA,40.1,17.14454143,5376912,51.42155886,100,58.19077776,0.013885027,0.257190616,NA,NA,NA,NA,5.50947618,7.57,21,73.60487805,69.8,77.6,NA,NA,NA,NA,1.77602684,Europe,Eastern Europe
SVK,SLOVAKIA,2003,9,1,8675.396337,104.2723999,NA,99.53678131,99.48686981,83.61607,1.670518802,NA,NA,43,17.79827235,5373374,51.41827046,100,56.39423881,0.011492874,0.256611359,NA,NA,NA,NA,5.44849873,7.25,21,73.60487805,69.8,77.6,NA,NA,NA,NA,1.841111076,Europe,Eastern Europe
SVK,SLOVAKIA,2004,9,1,10650.12901,104.1435776,NA,103.6936417,102.868187,82.27864,1.506473532,0.05,NA,52.9,17.35996443,5372280,51.41045294,100,54.87784476,0.011504385,0.300470034,NA,NA,NA,NA,6.37190437,6.91,14,73.95853659,70.3,77.8,NA,NA,NA,NA,1.652006017,Europe,Eastern Europe
SVK,SLOVAKIA,2005,9,1,11641.54103,102.9340134,NA,101.2425919,100.84552,83.00852,1.471259707,NA,NA,55.2,18.08224164,5372807,51.39980973,100,54.80977206,0.012397711,0.320443992,NA,NA,NA,NA,6.58870029,6.78,15,73.90487805,70.1,77.9,NA,0.586090863,NA,NA,1.679090524,Europe,Eastern Europe
SVK,SLOVAKIA,2006,10,1,13167.89547,102.1464005,NA,98.26389313,97.85977936,85.18724,1.691612957,0.05,NA,56.1,16.8045341,5373054,51.38995984,100,53.61890331,0.011556767,0.295365971,NA,NA,NA,NA,6.85076714,6.73,14,74.20487805,70.4,78.2,NA,0.572191477,NA,NA,1.593998023,Europe,Eastern Europe
SVK,SLOVAKIA,2007,10,1,16110.48173,102.2504883,NA,96.80754852,97.72238159,86.94492,2.134560383,NA,NA,61.8,16.74430405,5374622,51.37951486,100,54.02599348,0.008230146,0.32003229,NA,NA,NA,NA,7.17735338,6.78,13,74.20731707,70.5,78.1,NA,0.600212514,NA,NA,1.478388924,Europe,Eastern Europe
SVK,SLOVAKIA,2008,10,1,18744.31923,102.774559,NA,97.31298828,98.04483032,87.14783,2.36047432,0.05,NA,66.1,16.4539382,5379233,51.36873689,100,54.83786145,0.008982077,0.384452094,NA,NA,NA,NA,6.9563446,6.59,12,74.70487805,70.9,78.7,NA,0.596931338,NA,NA,1.459385052,Europe,Eastern Europe
SVK,SLOVAKIA,2009,10,1,16586.75278,102.2289886,NA,97.13442993,96.872612,85.7367,1.909429877,NA,NA,70,15.53309359,5386406,51.35138397,100,59.27728892,0.004586736,0.269772306,NA,NA,NA,NA,7.94779444,6.54,9.7,74.9097561,71.3,78.7,NA,0.598616183,NA,NA,1.516486667,Europe,Eastern Europe
SVK,SLOVAKIA,2010,10,1,16899.44868,101.638298,NA,95.9227829,97.08640289,84.07748,1.498594681,0.05,NA,75.7,15.01192506,5391428,51.33183391,100,59.18358801,0.004613862,0.337208259,NA,NA,NA,NA,7.66638851,6.46,8.7,75.11219512,71.6,78.8,NA,0.589456797,NA,NA,1.249182959,Europe,Eastern Europe
SVK,SLOVAKIA,2011,10,1,18469.43543,100.5029602,NA,98.01950073,99.06745148,83.26437,1.793730807,NA,NA,74.4,16.00429812,5398384,51.31354332,100,58.32823174,0.007928261,0.359867998,NA,NA,NA,NA,7.29859495,6.05,8.1,75.95853659,72.3,79.8,NA,0.575782955,NA,NA,1.067062719,Europe,Eastern Europe
SVK,SLOVAKIA,2012,10,1,17516.96911,99.13287354,NA,95.10360718,95.62663269,84.21212,1.794633047,0.05,NA,76.7,15.4996174,5407579,51.29297258,100,59.03499757,0.007712684,0.32515752,NA,NA,NA,NA,7.53581381,5.91,6.8,76.1097561,72.5,79.9,NA,0.555863738,NA,NA,1.078082838,Europe,Eastern Europe
SVK,SLOVAKIA,2013,10,1,18312.78051,98.69284821,NA,94.95947266,94.61190033,84.54456,2.074325556,NA,NA,77.9,16.6592069,5413393,51.27645335,100,60.47075941,0.00600611,0.29693454,NA,NA,NA,NA,7.49518156,5.8,8.5,76.41219512,72.9,80.1,NA,0.529154539,NA,NA,0.97861816,Europe,Eastern Europe
SVK,SLOVAKIA,2014,10,1,18770.92899,98.51194763,NA,92.45011139,93.59149933,83.89503,2.614927974,0.05,NA,80,17.38846665,5418649,51.26284571,100,57.80834954,0.004911772,0.288569283,NA,NA,NA,NA,6.88411617,5.78,6.8,76.81219512,73.3,80.5,NA,0.587129354,NA,NA,0.984879429,Europe,Eastern Europe
SVK,SLOVAKIA,2015,10,1,16442.07609,98.3121109,NA,93.73863983,93.97527313,82.57315,2.04596984,NA,NA,77.6,18.05151735,5423801,51.24318347,100,58.0921328,0.002396109,0.263024792,NA,NA,NA,NA,6.76215172,5.75,6.5,76.56341463,73.1,80.2,NA,0.582149804,NA,NA,1.109501869,Europe,Eastern Europe
SVK,SLOVAKIA,2016,10,1,16636.07691,97.62104034,NA,93.63436127,93.80416107,82.18406,2.062642189,0.05,NA,80.5,18.01278076,5430798,51.21926188,100,59.42952239,0.001429329,0.261669772,NA,NA,NA,NA,7.09177732,5.78,6,77.16585366,73.8,80.7,NA,0.58499068,NA,NA,1.116098937,Europe,Eastern Europe
SVK,SLOVAKIA,2017,10,1,17645.52987,98.26595306,NA,93.83888245,94.81204987,83.09318,1.848141669,NA,NA,81.6,18.50239117,5439232,51.19823552,NA,59.70792382,0.001511931,0.333116894,NA,NA,NA,NA,6.75699091,5.82,4.8,77.16585366,73.8,80.7,NA,NA,NA,NA,1.104288837,Europe,Eastern Europe
SVK,SLOVAKIA,2018,10,1,19573.3717,97.02443695,NA,91.47315979,92.8151474,NA,2.009329162,0.05,NA,80.4,18.46432442,5446771,51.17849101,NA,59.03239505,0.001983634,0.289202597,NA,NA,NA,NA,6.66639853,5.7,5.8,77.26585366,73.9,80.8,NA,NA,NA,NA,1.221700974,Europe,Eastern Europe
SVK,SLOVAKIA,2019,NA,1,19406.05897,97.99459839,NA,91.64668274,91.38371277,NA,1.617009713,NA,NA,82.9,18.76044211,5454147,51.16307742,NA,58.65539902,0.001566943,0.251989434,NA,NA,NA,NA,6.91964769,5.76,4.5,77.66585366,74.3,81.2,NA,NA,NA,NA,1.704971445,Europe,Eastern Europe
SVK,SLOVAKIA,2020,NA,1,19735.48583,99.9172287,NA,97.08309174,96.54824066,NA,1.729178243,0.05,NA,89.9,18.46447556,5458827,51.15685122,NA,59.48545505,0.000491875,0.219233025,NA,NA,NA,NA,7.12650204,5.68,3.2,76.86585366,73.5,80.4,NA,NA,NA,NA,1.922004789,Europe,Eastern Europe
UKR,UKRAINE,1991,6,1,1482.639648,120.0909576,NA,NA,NA,NA,24.64882943,NA,NA,NA,NA,52170961,53.56909284,98.17831421,28.91973244,0.350289965,2.526914751,NA,NA,NA,NA,NA,12.9691,NA,69.688,64.593,74.412,NA,NA,NA,NA,NA,Europe,Eastern Europe
UKR,UKRAINE,1992,6,1,1413.240112,114.0289536,NA,NA,NA,NA,20.85197695,NA,NA,NA,NA,52323671,53.50913738,98.35194397,29.43294258,0.36405414,4.372882234,NA,NA,NA,NA,NA,12.72900009,NA,68.947,63.774,73.865,NA,NA,NA,NA,NA,Europe,Eastern Europe
UKR,UKRAINE,1993,5,1,1254.028687,112.5100479,NA,91.65428162,92.9522934,NA,21.5406716,NA,NA,0.000777,NA,52350126,53.46252844,98.52201843,40.40317522,0.376224331,2.680848901,NA,NA,NA,NA,NA,12.47070026,NA,68.287,63.026,73.409,NA,NA,NA,NA,0.434645819,Europe,Eastern Europe
UKR,UKRAINE,1994,7,1,1009.094055,112.1675034,NA,90.48902893,91.42529297,NA,14.5723972,NA,NA,0.0136,NA,52075998,53.43269466,98.68586731,32.51221788,0.409357925,2.16005249,NA,NA,NA,NA,NA,12.30220032,NA,67.534,62.155,72.898,NA,NA,NA,NA,2.417771795,Europe,Eastern Europe
UKR,UKRAINE,1995,7,1,933.1917725,NA,NA,NA,NA,NA,13.76975964,NA,NA,0.0431,NA,51665539,53.41220383,98.84054565,37.4760485,0.485904965,3.000135196,NA,NA,NA,NA,NA,11.89000034,NA,67.114,61.607,72.704,NA,NA,NA,NA,2.734947609,Europe,Eastern Europe
UKR,UKRAINE,1996,7,1,869.8460693,NA,NA,NA,NA,NA,12.2290509,NA,NA,0.0986,NA,51226109,53.40038026,98.98297119,42.42201205,0.739944616,3.006595767,NA,NA,NA,NA,NA,10.84000015,NA,67.097,61.547,72.763,NA,NA,NA,NA,3.178834493,Europe,Eastern Europe
UKR,UKRAINE,1997,7,1,987.4898071,107.0527878,NA,NA,NA,NA,12.51539656,NA,NA,0.199,NA,50786885,53.39234043,99.11013794,43.83227119,0.512363844,2.366117974,NA,NA,NA,NA,NA,9.369999886,NA,67.658,62.18,73.197,NA,NA,NA,NA,3.988240904,Europe,Eastern Europe
UKR,UKRAINE,1998,7,1,831.336792,112.9992294,NA,NA,NA,NA,12.06807482,NA,NA,0.301,NA,50379731,53.3811703,99.21923065,42.07304592,0.181694618,1.820314852,NA,NA,NA,NA,NA,9.039999962,NA,67.993,62.553,73.473,NA,NA,NA,NA,3.2440318,Europe,Eastern Europe
UKR,UKRAINE,1999,7,1,631.9104614,112.7889786,NA,98.81407928,98.23110962,NA,11.87500958,NA,NA,0.405,12.99175112,49976446,53.37481274,99.30841064,39.25882768,0.702404231,1.891489028,NA,NA,NA,NA,NA,8.949999809,NA,68.004,62.507,73.582,NA,NA,NA,NA,2.883527639,Europe,Eastern Europe
UKR,UKRAINE,2000,6,1,653.2943115,112.915329,NA,95.40033722,95.21643066,NA,13.95178507,5,NA,0.716,13.61538199,49556660,53.38382369,99.37786865,39.74495821,0.991786006,3.370655877,NA,NA,NA,NA,5.30685186,8.88,114,67.786,62.208,73.514,NA,NA,NA,NA,3.511082849,Europe,Eastern Europe
UKR,UKRAINE,2001,6,1,800.4907227,119.8777924,NA,98.77922821,97.89737701,NA,13.97608618,NA,NA,1.24,11.66241269,49106855,53.40406955,99.43040466,44.89309814,0.595777693,4.262512924,99,100,99,NA,5.72534418,8.87,119,67.675,62.028,73.52,NA,NA,NA,NA,2.769267195,Europe,Eastern Europe
UKR,UKRAINE,2002,6,1,903.0119019,127.0551682,NA,101.4533386,101.6895523,93.63565,12.60325107,5,NA,1.87,12.63279714,48677281,53.42242103,99.47088623,46.66777712,0.557285488,3.317083494,NA,NA,NA,NA,5.99220037,8.9,123,67.699,62.077,73.526,NA,0.666698575,NA,NA,2.676199506,Europe,Eastern Europe
UKR,UKRAINE,2003,6,1,1076.481567,99.24391937,NA,NA,NA,88.57612,10.4995403,NA,NA,3.15,13.16162595,48315136,53.43250405,99.50511169,49.29314417,0.596245151,3.007478291,NA,NA,NA,NA,6.54574108,8.82,126,67.638,61.997,73.517,NA,0.666698575,NA,NA,2.745578771,Europe,Eastern Europe
UKR,UKRAINE,2004,6,1,1401.018066,98.86305237,NA,NA,NA,88.01456,10.43703712,4.6,NA,3.49,12.81409146,47979507,53.44736452,99.53910828,51.22250688,0.669711109,3.35413577,NA,NA,NA,NA,6.16856956,8.73,127,67.472,61.805,73.418,NA,0.666952014,NA,NA,2.506824335,Europe,Eastern Europe
UKR,UKRAINE,2005,6,1,1875.335083,109.2240524,NA,120.3502731,119.5740738,89.53734,8.875307495,NA,NA,3.75,16.52877057,47585556,53.47756786,99.8855617,49.38194938,0.781757652,4.346014192,NA,NA,NA,NA,6.3461585,8.69,127,67.517,61.824,73.5,NA,0.668636441,99.80755448,NA,2.792489331,Europe,Eastern Europe
UKR,UKRAINE,2006,7,1,2366.494141,103.9840469,NA,105.7404633,105.0432281,88.34219,7.23906141,3.9,NA,4.51,17.09216344,47278694,53.499092,99.63037109,49.82319147,0.765715565,4.59204338,NA,NA,NA,NA,6.4171896,8.73,125,67.49,61.748,73.521,NA,0.671166778,NA,NA,2.771591813,Europe,Eastern Europe
UKR,UKRAINE,2007,7,1,3160.327637,102.6653671,NA,104.2510605,104.3820572,87.75066,6.283001334,NA,NA,6.55,15.81795379,47062798,53.5112022,99.8,51.61708201,0.626895265,5.415740382,NA,NA,NA,13.86541271,6.01776791,8.73,123,67.715,62.001,73.706,NA,NA,99.56082702,97.36607075,2.870002817,Europe,Eastern Europe
UKR,UKRAINE,2008,7,1,4017.806641,101.713829,NA,101.2035294,101.2336121,87.51849,6.535401521,3.2,NA,11,17.09171786,46819175,53.52878815,99.78270721,52.87837637,0.68474001,7.94411212,NA,NA,NA,NA,5.49754429,8.75,119,68.262,62.66,74.053,NA,0.673404455,NA,NA,2.672922275,Europe,Eastern Europe
UKR,UKRAINE,2009,7,1,2607.087646,100.6618195,NA,99.85397339,100.4184723,87.92446,6.905395959,NA,NA,17.9,15.78923638,46623731,53.53152668,99.8724823,55.99487668,0.534186377,4.789210317,NA,NA,NA,NA,6.60991716,9.41,115,69.159,63.784,74.573,NA,0.675054014,NA,NA,2.84035387,Europe,Eastern Europe
UKR,UKRAINE,2010,6,1,3039.632324,100.067627,NA,99.72844696,100.3236237,90.41149,7.402205098,2.5,NA,23.3,14.99750577,46456003,53.52025557,99.94507599,55.48932031,0.466160188,7.063851107,NA,NA,NA,NA,6.81387615,9.38,110,70.188,65.021,75.254,NA,0.676945627,NA,NA,2.741996542,Europe,Eastern Europe
UKR,UKRAINE,2011,6,1,3656.697998,98.93145752,NA,100.7400894,101.9095917,92.43046,8.150221839,NA,NA,28.7,17.84004927,46307853,53.50722795,99.98504639,53.50035355,0.60456434,7.908256492,NA,NA,NA,NA,6.81669855,9.05,105,70.711,65.592,75.678,NA,0.677819014,NA,NA,2.258287711,Europe,Eastern Europe
UKR,UKRAINE,2012,6,1,3951.342285,97.14199066,NA,96.36277008,98.31591797,93.20535,7.761312484,1.8,NA,35.3,17.63331542,46210056,53.48150628,99.86749117,54.47530526,0.512858517,4.702655195,99.97434998,99.99394226,99.95819855,NA,7.11789227,8.91,101,71.09,65.963,76.049,NA,0.678940177,100,94.50855851,2.353451977,Europe,Eastern Europe
UKR,UKRAINE,2013,6,1,4129.896973,96.31407928,NA,98.048172,99.23268127,93.39155,8.692305621,NA,NA,41,16.89868434,46126770,53.45303938,100,56.6426976,0.429728229,3.991364537,NA,NA,NA,NA,6.94358015,8.79,96,71.474,66.345,76.424,NA,0.680174232,NA,NA,2.392895308,Europe,Eastern Europe
UKR,UKRAINE,2014,4,1,3054.908203,95.47203827,NA,95.55103302,96.9167099,91.66472,10.15460815,1.1,NA,46.2,17.29434784,45972380,53.44036354,100,54.1589184,0.537401817,3.608320933,NA,NA,NA,NA,7.19506168,7.44,94,71.803,66.611,76.818,NA,0.656467855,NA,NA,2.967368259,Europe,Eastern Europe
UKR,UKRAINE,2015,4,1,2094.473877,87.8509903,NA,87.83641815,89.36119843,NA,12.05937611,NA,NA,48.9,20.45136542,45784896,53.42955458,100,51.16864399,0.298048598,2.599115406,NA,NA,NA,NA,7.78352833,7.4,91,72.686,67.651,77.458,NA,NA,NA,NA,3.847848476,Europe,Eastern Europe
UKR,UKRAINE,2016,4,1,2158.461182,87.40920258,NA,85.35231018,87.01062775,NA,11.72570091,1.1,NA,53,19.63011981,45616832,53.41398543,100,49.914248,0.200405629,2.399425967,NA,NA,NA,NA,7.55205393,7.03,87,73.389,68.458,78.004,NA,0.660930157,NA,NA,3.668617869,Europe,Eastern Europe
UKR,UKRAINE,2017,4,1,2604.287598,88.21408844,NA,86.85217285,88.25467682,NA,10.17765504,NA,NA,58.9,20.0523677,45436041,53.39995842,NA,50.95871599,0.34858254,2.954212046,NA,NA,NA,NA,7.44187737,6.92,84,73.993,69.1,78.55,NA,0.66152966,NA,NA,3.241492915,Europe,Eastern Europe
UKR,UKRAINE,2018,4,1,3059.051758,88.57288361,NA,82.79685974,85.09239197,NA,10.13953311,1.1,NA,62.6,20.14255251,45208907,53.39278504,NA,51.33230271,0.484549678,2.910469551,NA,NA,NA,NA,7.51989269,6.79,80,73.569,68.569,78.326,NA,0.662228405,NA,NA,3.63516608,Europe,Eastern Europe
UKR,UKRAINE,2019,NA,1,3619.861572,90.68096924,NA,88.29534149,89.8622818,NA,8.965181014,NA,NA,70.1,19.1961401,44957458,53.39342807,NA,54.48551971,0.363416965,1.7317987,NA,NA,NA,NA,7.09175062,6.67,77,73.92,68.866,78.73,NA,0.668456614,NA,NA,4.06793765,Europe,Eastern Europe
UKR,UKRAINE,2020,NA,1,3709.769287,91.11221313,NA,89.27706909,90.26804352,NA,9.310151098,NA,NA,75,19.1514003,44680014,53.40028989,NA,55.79001645,0.191284197,1.093127496,NA,NA,NA,NA,7.56217051,6.26,75,73.283,68.348,78.024,NA,0.670072675,NA,NA,4.400314703,Europe,Eastern Europe